sentence,count,sentiment,label,score,policy_relevance,policy_stance,notes
"Please do not copy and paste material from wikipedia or any other website into  your assignments, as this is a severe form of cheating (that is very easy to catch, by the way)",1,positive,NEGATIVE,0.999158978,,,
No popular press articles or internet references (such as Wikipedia) should be cited,1,negative,NEGATIVE,0.999260008,,,
Any assignment containing any plagiarized material will receive a grade of zero and the student will be referred to the Office of Student Conduct for the appropriate discipline action. Link to resource about avoiding plagiarism: http://en.wikipedia.org/wiki/Plagiarism Cell Phones in Class There will be no use of cell phones in class; talking or texting,27,positive,NEGATIVE,0.999007881,,,
"National Geographic , cover, June 1985, as accessed on Wikipedia s.v",1,neutral,NEGATIVE,0.78234607,,,
"9 Library Day: OhioLink, Academic Search Premier: find three scholarly articles (each should be at least three pages long ) from the search tools given in class (no .com, wikipedia or google as sources) *homework: read [PERSON], p",1,negative,NEGATIVE,0.996809423,,,
"(Last time, a group inventing a new way to do text entry on a watch did get a publication!) Another option is to create a Wikipedia page about an inventor or interaction technique",1,positive,NEGATIVE,0.991988182,,,
Retrieved from http://dml.regis.edu/login?url=http://dl.acm.org/citation.cfm?doid=1[PHONE]89 8. Wikipedia,1,neutral,NEGATIVE,0.995076835,,,
"C’est très bon pour votre compréhension.)  Government: Observatoire de la laïcité Site of the French government Stop Djhadism Encyclopedia: le site [PERSON] [PERSON][PERSON][PERSON] et Wikipedia fr  Goals and Objectives: At the end of this course, students will be able to:   Express themselves orally with greater facility and with better pronunciation. Communication: Interpersonal (Speak, Write, Listen)    Better understand spoken French. Communication: Interpretative (Speak, Write, Listen)    Write with fewer errors and read with greater comprehension Communication: Interpersonal (Speak, Write, Listen) Communication: Interpretative (Speak, Write, Listen)    Reach a better understanding of French culture and civilization Cultures (Relating Cultural Products to Perspectives)    Narrate a story in the past tense Communication: Interpersonal (Speak, Write, Listen) Communication: Presentational (Speak, Write, Listen)    Speak of their plans using the future tense Communication: Interpersonal (Speak, Write, Listen) Communication: Presentational (Speak, Write, Listen)    Formulate hypothesis using the conditional mood. Communication: (Speak, Write, Listen) Communication: Presentational: (Speak, Write, Listen)    Formulate sentences using the subjunctive mood in appropriate scenarios. Communication: (Speak, Write, Listen)    Use vocabulary on subjects such as immigration, decolonization, French and American identity, daily life, films, [PERSON], various cultural topics. Communication: Interpersonal (Speak, Write, Listen) Communication: Presentational (Speak, Write, Listen)    Master the necessary competences to carry on a culturally correct conversation. Communication: Interpersonal (Speak, Write, Listen) Cultures (Relating Cultural Products to Perspectives)  Teaching Methods Discussions, presentations, group work, oral and written preparatory homework",1,positive,POSITIVE,0.94720453,,,
"28, 29, 30 Reverse-Engineering Paper Due 11/24 (Tues) NO MEETING: Thanksgiving Holiday 12/1 (Tues) READ: [PERSON] [PERSON], ""The Lessons of Wikipedia"" (handout) Javascript: HACKS Nos",1,negative,NEGATIVE,0.999453485,,,
Researchers should be especially careful not to rely upon internet sources such as Wikipedia which can be accessed and modified by anyone as was revealed in late April of 2006 when gubernatorial candidate [PERSON][PERSON][PERSON] fired her campaign manager for having posted negative information into the biography of her opponent [PERSON] [PERSON]. The paper should be typed using a 12-point font and double-paced,3,negative,NEGATIVE,0.999100089,,,
Each report should refer to a minimum of 5 (five) scholarly articles and other industry publications (Wikipedia is NOT an appropriate research source),1,positive,NEGATIVE,0.996002734,,,
"Nice page on the AM-GM and its use in problem solving: http://jwilson.coe.uga.edu/EMT725/AMGM/SSMA.Bnghm.html Wikipedia page: http://en.wikipedia.org/wiki/Inequality_of_arithmetic_and_geometric_means My notes: http://web.williams.edu/Mathematics/sjmiller/public_html/OSUClasses/487/ArithMeanGeoMean.pdf Some applications in math contests: http://www.austms.org.au/Gazette/2006/Mar06/boskoffS.pdf Some more straightforward examples: https://brilliant.org/discussions/thread/arithmetic-mean-geometric-mean-am-gm/ [PERSON]'s formula: http://en.wikipedia.org/wiki/Heron's_formula Olympiad inequalities: http://www.aam.org.in/site/st_material/14.pdf Generalization of AM-GM: [PERSON] [PERSON][PERSON][PERSON] and [PERSON] [PERSON]: https://arxiv.org/pdf/1402.0208.pdf Big item in the problems we studied is symmetry, especially if not symmetric how to symmetrize",1,positive,NEGATIVE,0.959667623,,,
"You will search a topic that has been covered in class from a designated source ([PERSON] [PERSON], Wikipedia, Website, Encyclopedia, [PERSON], and [PERSON] [PERSON])",1,neutral,NEGATIVE,0.780250132,,,
"The entire book is on the web: http://www.religion-online.org/cgi-bin/relsearchd.dll/showbook?item_id=373 See his bio at: http://en.wikipedia.org/wiki/John_B._Cobb Oct 11 – Contemporary World Trends in Theology  Secular Theology, Handbook, pp",1,positive,NEGATIVE,0.993433595,,,
[Even movies that necessitate a sequel won't get one if the first bombed](http://en.wikipedia.org/wiki/The_Golden_Compass_(film)#Sequels),3,positive,NEGATIVE,0.994543195,,,
"Department of Energy's Microgrid Initiative    > Vasiljevska et al, Evaluating the Interest in Installing Microgrid Solutions    > [PERSON] [PERSON] [PERSON], Multi-Inverter Controls and Management of Energy Storage for Microgrid Islanding    > [PERSON] [PERSON] [PERSON], Dispatch in Microgrids-Lessons from the Fort Collins Renewable and Distributed Systems Integration Demonstration Project  Additional Priority Reading on Energy Storage and Arbitrage:    > About.com Economics, What Is Arbitrage? http://economics.about.com/cs/finance/a/arbitrage.htm    > [PERSON][PERSON][PERSON] [PERSON] [PERSON] (PNNL), National Assessment of Energy Storage for Grid Balancing and Arbitrage: Phase 1, WECC http://energyenvironment.pnnl.gov/pdf/PNNL-21388_National_Assessment_Storage_Phase_1_final.pdf (focus on arbitrage sections and at least skim others that look interesting)    > [PERSON][PERSON][PERSON] [PERSON] [PERSON] (PNNL), National Assessment of Energy Storage for Grid Balancing and Arbitrage (PowerPoint Presentation on full report) http://energy.gov/sites/prod/files/ESS%202012%20Peer%20Review%20-%20National%20Assessment%20of%20Energy%20Storage%20for%20Grid%20Balancing%20and%20Arbitrage%20-%20Michael%20Kintner-Meyer,%20PNNL.pdf  Additional Recommended Readings on Energy Storage and Arbitrage: Web links:    > Navigant Research, Advanced Batteries for Utility-Scale Energy Storage Applications http://www.navigantresearch.com/research/advanced-batteries-for-utility-scale-energy-storage-applications (announcement on study; unfortunately we cannot afford the actual study so we must reply on this summary)    > Hafliðason, Electric Energy Price Arbitrage Using Battery Energy Storage Feasibility Study http://skemman.is/en/stream/get/1946/12605/30871/1/Electric_Energy_Price_Arbitrage_2.0.pdf    > [PERSON] and [PERSON] (for US DOE and NETL), Market Analysis of Emerging Electric Energy Storage Systems http://www.netl.doe.gov/energy-analyses/pubs/Final%20Report-Market%20Analysis%20of%20Emerging%20Electric%20Energy%20Sto.pdf    > [PERSON] [PERSON] [PERSON], Economics of Electric Energy Storage for Energy Arbitrage and Regulation in New York https://wpweb2.tepper.cmu.edu/ceic/pdfs/CEIC_06_04.pdf    > [PERSON] [PERSON] [PERSON] (for NREL), The Role of Energy Storage with Renewable Electricity Generation http://www.nrel.gov/docs/fy10osti/47187.pdf    > Demand Energy, Energy Price Arbitrage (see especially microgrid and backup systems) http://demandenergynetworks.com/solutions/commercial-buildings-complexes-energy-storage/energy-price-arbitrage    > PowerOasis, PowerOasis Launches Extended Power Back-up and Smart Grid Energy Arbitrage System for Wireless Operators http://www.power-oasis.com/poweroasis-launches-extended-power-back-up-and-smart-grid-energy-arbitrage-system-for-wireless-operators Week 4 (May 2)  A ""Tool Kit"" to help Small Group Learning Communities analyze and prepare their case study project reports and recommendations Small Groups receive faculty feedback on Small Group Assignment 1  Small Groups meet    Agenda:  6:30 Announcements 6:35 A ""Tool Kit"" to help Small Group Learning Communities develop a report for their clients (Part 1) ([PERSON] [PERSON]) 8:00 [PERSON] 8:10  A ""Tool Kit"" to help Small Group Learning Communities (Part 2) ([PERSON] [PERSON]) 8:50 Small groups receive faculty feedback on Small Group Assignment 1 9:00 Small group teams meet 9:40 Adjourn  Reading Assignment for Week 4: Priority Reading:  Course text: Bardach, A Practical Guide for Policy Analysis: The Eightfold Path to More Effective Policy Analysis (read all chapters)      Week 5 (May 9)      > Consultation session with Advisory Team on PSU's Lighting Energy Efficiency and Demand Response Project    > Advisory Team Members: [PERSON] [PERSON], Business Sector Project Manager and Strategic Energy Management Project Manager, Energy Trust of Oregon; [PERSON] [PERSON], New Construction-Major Renovation/Lighting Specialist, Evergreen Consulting; [PERSON] [PERSON], PSU's Director of Campus Planning and Design; [PERSON] [PERSON], Utility Program Manager, Enlighted, Inc.; [PERSON] [PERSON], Portland Manager, Energy & Facilities Services, McKinstry; [PERSON] [PERSON], Utilities Manager, Portland State University; [PERSON] [PERSON], Senior, Manager Technology and Product Management, Northwest Energy Efficiency Alliance; and Kelly Sanders, Senior Product Manager, Northwest Energy Efficiency Alliance.    > Small Group Assignment 2 (Revised Problem Statement and Work Plan) due      Agenda:     6:30 Announcements     6:35 Consultation session between Small Group Team and Advisory Committee, Part 1     8:00 Break     8:10 Consultation session between Small Group Team and Advisory Committee, Part 2     9:30 Preparation for Week 6 session     9:40 Adjourn  Reading Assignments for Week 5: Priority Reading: Course texts:     > Sioshansi, Chapter 9 (Renewables Integration through Direct Load Control and Demand Response)    > Kassakia and Schmalensee, Chapter 3 (Integration of Variable Energy Resources) and Chapter 7 (Engaging Electricity Demand)    > Fox-Penner, Chapter 4  Posted on D2L:    > Green for PSU, Concept Paper on PSU Lighting EE/DR Project for BPA Technology Innovation FOA    > BPA, FY14 Technology Innovation Funding Opportunity Announcement (skim)    > BPA Office of Technology Innovation, Proposal Guidance for Technology Innovation Focus Areas, (focus on Demand Response Emerging Technologies) Web links:    > The Energy Grid, Demand Response Programs http://www.gridwiseac.org/about/transactive_energy.aspx    > Wikipedia, Demand Response http://en.wikipedia.org/wiki/Demand_response Portland State University, Portland State University District Framework Plan, http://www.pdx.edu/planning-sustainability/university-district-framework-plan and  http://www.pdx.edu/planning-sustainability/sites/www.pdx.edu.planning-sustainability/files/PSU%20FrameworkPlan_WEB.pdf Portland State University, Portland State University Climate Action Plan, http://www.pdx.edu/planning-sustainability/climate-action and http://www.pdx.edu/sites/www.pdx.edu.sustainability/files/ClimateActionPlan%284mb%29.pdf Seltzer et al, Making EcoDistricts Concepts & Methods for Advancing Sustainability in Neighborhoods (read at least Executive Summary and Introduction), http://pdxinstitute.org/wp-content/uploads/2013/03/making_ecodistricts_concepts_and_methods_for_advancing_sustainability_in_neighborhoods.pdf Bowan et al, North Carolina State University Centennial Campus Smart Grid Feasibility Study, http://issuu.com/ncsu_energy/docs/centennial_campus_smart_grid_feasibility_study_fin        Additional Recommended Reading:    Web links: NREL, Smart Grid and Climate Neutral Research Campuses (with links to specific university campuses), http://www.powermag.com/issues/cover_stories/In-Search-of-Perfect-Power_1801.html WSU Develops Smart Grid Expertise (short video), http://school.eecs.wsu.edu/innov_lecture Pullman Becomes Smart Grid Community, http://researchnews.wsu.edu/physical/260.html Pacific Northwest Smart Grid Demonstration Project 2012 Annual Report (see page 3, University of Washington: A Smart Grid Campus for the 21[st] Century), http://www.pnwsmartgrid.org/docs/2012_annual_report.pdf Roseth, University of Washington Launches Research Phase of Smart Grid Project,  http://www.washington.edu/news/2012/10/24/university-of-washington-launches-research-phase-of-smart-grid-project/  Week 6 (May 16)  Consultation Session with Advisory Team on Smart Meter Consumer Data Study Advisory Team Members: SA Anders, Director of Operations, Citizens Utility Board of Oregon; Member, Smart Grid Consumer Collaborative Board of Directors; Dr",1,positive,NEGATIVE,0.996207595,,,
"You may consult researched sources for this, but avoid dictionaries and websites such as wikipedia. The paper should be double-spaced and should reflect what is under “written assignments” (and my writing tips) in this syllabus.  4",1,neutral,NEGATIVE,0.997082889,,,
[PERSON] (Global Harmonized System) in 60 Seconds and Wikipedia on [PERSON],2,neutral,NEGATIVE,0.966606557,,,
By mid-semester we will have a discussion at the Board concerning the academic reliability of Wikipedia and the formulation of a policy for future semesters,2,neutral,POSITIVE,0.91899246,,,
"You'll use these images in blog posts, Wikipedia entries, tweets and Facebook updates",1,neutral,NEGATIVE,0.980679989,,,
Each group should create one registered Wikipedia account (http://en.wikipedia.org/w/index.php?title=Special: UserLogin&type=signup),3,neutral,NEGATIVE,0.994314492,,,
"This includes definitions found online in Wikipedia, materials from blogs, twitter or other similar electronic resources",5,negative,NEGATIVE,0.972511709,,,
"Complete all Wikipedia assignments.  Summary of Wikipedia:  Final Article  WEEK 14 (11/20 – 11/26) Mon, Nov 21  No class - Thanksgiving Break  Wed, Nov 23  No class – Thanksgiving Break  Assignments:  Surely you’re curious, so take a peek at your Talk Page a couple of times during break!  WEEK 15 (11/27 – 12/03) Mon, Nov 28  Changing Gears: Incorporating Primary Sources  Wed, Nov 30  Changing Gears: Making an Argument  Reading:  Brundage, ch",1,positive,NEGATIVE,0.991197765,,,
"about.com, ehow.com, Wikipedia) or in some cases media outlets (e.g",2,neutral,NEGATIVE,0.963051796,,,
"Other sources should be articles from major news publications, academic journals, and scholastic articles, Wikipedia is not an acceptable source",1,negative,NEGATIVE,0.999571145,,,
No Wikipedia! There are many websites available that will have information or links to information that you can use to create a thorough and scintillating presentation/paper,3,positive,NEGATIVE,0.910674393,,,
"The articles must be recent (<10 years) and from an accredited educational journal (no Wikipedia, magazine articles, newsletters, etc.). 4",1,positive,POSITIVE,0.649899602,,,
"Your presentation include illustrations, as well as, three credible references, do not include Wikipedia",6,positive,NEGATIVE,0.993305027,,,
"[PERSON] [PERSON] with SelfDriving Trucks, I-5 California]  [PERSON] [PERSON][PERSON]6  Emergent Cyberphysical Application – Commercial Space Transportation NASA Has Outsourced Space Station Servicing and Access in General – http://www.spacex.com/ – http://www.sncorp.com/ – OSC - http://www.orbital.com/ [Antares 2014 Accident]  Space Tourism and Commercialization – http://www.virgingalactic.com/statement-from-virgin-galactic/ [SpaceShip Two Accident in 2014] – XCOR Aerospace - http://www.xcor.com/ – Boeing CST-100 - http://en.wikipedia.org/wiki/CST-100  A Complex System of Systems with Major Safety Challenges  [PERSON] [PERSON][PERSON][PERSON]  A Decade of Space Tourism Most Recent  Early Space Tourists   [PERSON] [PERSON][PERSON]http://en.wikipedia.org/wiki/Space_tourism  8  Traditional Mission Critical Systems Standards and Guidelines for Systems and Software Testing Enterprise Data Systems – Commercial Standards and IV&V Labs (E.g. Medusa Labs Test Tools), Standards for Protocol (SCSI T10 and SAS, Fiber Channel T11, FCoE, iSCSI) and Performance Test Standards (TPC, SPC), SNIA RAID Aerospace – NASA Standards (https://standards.nasa.gov/documents/nasa ), Military Standards (MILSTD-498), FAA Launch and Reentry, FAA Medical Systems – IEC 62304, E.g",1,positive,NEGATIVE,0.990547717,,,
If all you do is look things up on Wikipedia you will have superficial knowledge,2,neutral,NEGATIVE,0.999576986,,,
63 Evaluations: Wikipedia as a Site of Knowledge Production pg,2,neutral,NEGATIVE,0.963449895,,,
"Make at least 10 edits to Wikipedia. Write a three-page paper about the challenges and opportunities developing technologies in developing countries. Run simulations of a biological model with different input parameters, and write a report about the results. Maker Workshop: On November 7, students will participate in a hands-on maker workshop hosted by [PERSON] [PERSON]",1,negative,POSITIVE,0.68988049,,,
Wikipedia-style entry (5%) By September 30th you will create a short (250+ word) Wikipedia-style contribution about the issue you’ve chosen to focus on for your web project,3,neutral,POSITIVE,0.736102521,,,
"Talk about new forays into expanding sphere of public knowledge overlapping scholarly knowledge (wikipedia, Encyclopedia of Life, etc.) Tuesday 11/17 R9a: Burgess 2011 R9b: Citizen Science Projects",1,positive,NEGATIVE,0.53129375,,,
http://en.wikipedia.org/wiki/Lights_Out_(game),1,neutral,NEGATIVE,0.971960127,,,
"You may use newspaper accounts, research from the event, and non-scholarly research (avoid Wikipedia--except as a starting place--don't quote) as long as there is an author or byline of some kind. Follow the rubric (Resources Section) to make sure that you cover all the necessary areas.  The disaster you choose for analysis should be identified by July 1st with a notation in the Forums Section",2,positive,NEGATIVE,0.999130785,,,
The numbers of editors and turns in these sets are shown in Table 1. 3.2  Annotation Units  A Wikipedia talk page is in itself a wiki-style document,1,neutral,NEGATIVE,0.988510311,,,
"3–5 pages, typed, double-spaced, including at least two correctly-cited non-Wikipedia quotes in MLA form",1,negative,NEGATIVE,0.990621686,,,
Wikipedia expresses a common view in saying that Xenophanes is ridiculing what he describes,2,negative,NEGATIVE,0.997946322,,,
"Research essays must be at least seven to twelve pages (a minimum of 1500-2500 words), using a minimum of five to seven primary or secondary sources ( secondary sources must be reliable : scholarly criticism or analysis, not summaries, reviews, or “analysis” from sites such as e-Notes , SparkNotes , Wikipedia , 123HelpMe , or Gradesaver.com ) , correctly documented utilizing MLA format (see also Documenting Films in MLA Style ) , with a cover page and Works Cited page ( cover page and Works Cited do not count toward the seven-page requirement)",1,negative,NEGATIVE,0.973811507,,,
14  End of the Ice Age  C9 p.306-320  Topic Proposal for Wikipedia assignment due ___________________________________________________________________________________________________________________  13  Apr,1,negative,NEGATIVE,0.893222332,,,
"Students will explore various texts as well as the spiritual and sacramental life of the Roman Catholic Church.      Experiential    Learning    Opportunities:              Linked    Classes:    None.                    Assessment:     Major    Assignments:      [PERSON]    to    “Course    Calendar”    below.            Quizzes:      Brief    quizzes    will    occur    at    the    beginning    of    each    class    and     include    assigned    reading    and    class    notes    from    the     previous    class,    only.    Objective    format.    10-­‐20    points.     Students    who    are    absent    for    a    quiz    will    not    need    to     make-­‐up    the    quiz;    it    will    not    hurt    nor    help    the    student,     thus    it    will    not    be    factored    into    the    student’s    grade.     Graded    quizzes    (from    the    previous    class)    will    be     distributed    and    discussed    at    the    beginning    of    each    class.         Tests    will    periodically    occur    throughout    the    term    and    will     derive    from    previous    quiz    questions.    Essay    questions    will     be    part    of    these    assessments.    Students    will    be    provided     with    the    essay    questions    in    advance.              Includes    asking    questions    in    class,    responding    to     presented    questions,    active    listening,    contribution    within     small    group    discussions,    focused    attentiveness.    One     point    deduction    from    one’s    semester    average    for     sleeping    in    class,    i.e.    eyes    closed    for    more    than    three     seconds;    manifestation    of    slobber    from    non-­‐emergency     unconsciousness.     This    General    Education    class    will    help    you    prepare    for     CCSJ's    Signature    Assignments,    a    common    written    and     oral    assignment    that    students    complete    in    Introduction     to    Social    Justice    as    freshmen,    Religious    Studies    as     sophomores,    and    Philosophy    as    juniors.    Signature     Assignments    are    assessed    for    written    communications,     oral    communications,    and    critical    thinking.    You    must     meet    required    scores    in    Religious    Studies    to    move    ahead     to    Philosophy,    and    in    Philosophy    to    complete    your     General    Education    program.    Refer    to    “Course    Calendar”     for    date.    Specifics    will    be    address    in    class.                Tests:           Class    Participation:      Signature    Assignments:                              Responsibilities      3                    Turning    In    Assignments:          Quizzes    will    occur    every    day    at    the    beginning    of    class    and    cannot    be    made    up.    A     student    who    misses    a    quiz    for    whatever    reason    will    not    be    penalized    for    the     missed    grade,    it    simply    will    not    be    factored    into    the    student’s    cumulative    average.     (A    significant    portion    of    tests    derive    from    previous    quizzes.)     If    a    student    is    absent    on    the    day    a    test    is    given,    the    student    should    contact    the     instructor    within    48    hours    to    re-­‐schedule    the    test.    A    different    test    will    be    given     from    what    was    given    in    class    –    it    will    be    essay    format.     Major    assignments    will    be    penalized    10    points    per    late    day,    per    24    hour    period,     which    includes    weekends.    At    this    point,    all    assignments    must    be    submitted    in    hard     copy    format;    electronic    submissions    will    not    be    accepted,    unless    otherwise     indicated.              Using    Electronic    Devices:      Singing    In:      Class    Participation:      Statement    of    Plagiarism:               Sources:      Class    Withdraw:           Technology     -­‐ One    point    deduction    from    one’s    semester    average    for    each    cell    phone     “indicator,”    e.g.,    vibration,    ring    tone,    noticeable    illumination,    etc.    This     would    also    include    “checking    one’s    cell    phone”    during    class.     -­‐ One    deduction    from    one’s    semester    average    for    online    navigation    that     is    impertinent    to    the    academic    task,    e.g.,    checking    Facebook,    etc.,     should    laptops    be    used    in    class.              A    sign-­‐in    sheet    will    be    distributed    at    the    beginning    of    class.    Students    who    arrive     late,    even    one    minute    late,    must    sign    the    “tardy”    section    of    this    daily    document     in    order    to    qualify    for    credit    for    that    particular    class.    Failure    to    sign    the    sheet    for     any    student    will    result    in    a    missed    class.              Includes    asking    questions    in    class,    responding    to    presented    questions,    active     listening,    contribution    within    small    group    discussions,    focused    attentiveness.    One     point    deduction    from    one’s    semester    average    for    sleeping    in    class,    i.e.    eyes     closed    for    more    than    three    seconds;    manifestation    of    slobber    from    non-­‐ emergency    unconsciousness.          If    an    instructor    or    other    Calumet    College    of    St.    Joseph    personnel    discovers    that    a     student    has    plagiarized    or    been    involved    in    another    form    of    academic    dishonesty,     the    instructor    or    other    personnel    may    elect    to    bring    the    matter    up    for    judicial     review.    The    maximum    penalty    for    any    form    of    academic    dishonesty    is    dismissal     from    the    College.    The    procedures    for    judicial    review    are    listed    under    the    section    of     CCSJ    handbook    that    addresses    student    grievances.              PLEASE    NOTE:    All    papers    can    and    may    be    submitted    for    checks    on    plagiarism    from     the    Internet/Electronic    sources/Databases.     Certain    sources    can    assist    students    in    research    but    will    not    qualify    for    works    cited     in    this    class.    Students    will    not    receive    credit    for    using    the    sources    listed    thus:     -­‐    Wikipedia     -­‐    Standard    Dictionary    (use    only    a    biblical    or    theological    dictionary)     -­‐    Encyclopedia    (use    only    a    biblical    or    theological    encyclopedia)     -­‐    Any    website    not    .edu    (unless    the    site    is    accessed    via    a    .edu;    if    the    site    is    accessed     via    a.edu,    students    will    need    to    add    a    footnote    giving    the    link    from    the    .edu)          After    the    last    day    established    for    class    changes    has    passed    (see    the    College     calendar),    you    may    withdraw    from    a    course    by    following    the    policy    outlined    in    the     CCSJ    Course    Catalog.     Resources      4  Student    Success    Center:           The    Student    Success    Center    provides    faculty    tutors    at    all    levels    to    help    you    master     specific    subjects    and    develop    effective    learning    skills.    It    is    open    to    all    students    at    no     charge.    You    can    contact    the    Student    Success    Center    at    219    473-­‐4287    or    stop    by    the     Library.      Disability    Services:           Disability    Services    strives    to    meet    the    needs    of    all    students    by    providing    academic     services    in    accordance    with    Americans    with    Disabilities    Act    (ADA)    guidelines.    If    you     believe    that    you    need    a    “reasonable    accommodation”    because    of    a    disability,    contact     the    Disability    Services    Coordinator    at    219-­‐473-­‐4349.           Appendix:    Grading    Rationales    for    Narrative    Assessments:     Students    often    ask    how    letter    grades    are    conferred,    and    the    criteria    for    letter    grades.    The    following    is    an    attempt     to    answer    that    question.              “A”    work    represents    superior    work.    In    the    case    of    writing    assignments    and    papers,    this    means    that    the    assignment     has    been    fulfilled    with    care,    intelligence,    and    genuine    insight.    The    written    work    displays    a    clear    focus    and    method     of    approach,    uses    pertinent    examples    or    ""facts""    to    support    its    judgments,    shows    a    distinct    personal    perspective     which    can    be    distinguished    from    others,    makes    a    real    argument,    and    can    discern    the    strengths    and    weaknesses    of     other    arguments.    A    work    also    displays    spelling,    punctuation,    grammar,    word    usage,    and    syntax    that    is    of    high     quality.    On    examinations,    A    work    is    demonstrated    by    an    accurate    and    insightful    knowledge    of    the    material    in     question,    judicious    choices    in    the    material    used    in    essay    questions,    and    clarity    of    expression.              “B”    work    represents    very    good    work.    In    the    case    of    writing    assignments    and    papers,    this    means    that    the     assignment    has    been    fulfilled    with    care    and    intelligence.    The    written    work    displays    a    fairly    clear    focus    and    uses     good    examples.    In    general,    B    work    also    displays    the    lack    of    technical    errors    described    for    A    work.    On    exams,    B    work     is    shown    by    a    solid    knowledge    of    the    material    involved,    good    choices    used    in    essay    questions,    and    clear    expression.         Often    students    ask    what    distinguishes    B    or    B+    work    from    A    work.    The    main    difference    is    the    distinctiveness,     imagination,    and    ability    to    see    the    larger    picture    with    intelligence    and    insight    on    the    part    of    A    work.    A    paper    that     follows    the    assignment    exactly    and    does    it    well    may    well    merit    a    B    or    B+    grade    because    it    is    very    good,    but    it    may     not    be    superior    if    it    does    not    include    these    further    elements.              “C”    work    is    satisfactory    work.    In    the    case    of    writing    assignments    and    papers,    this    means    that    there    is    a    basic,    but     not    extensive,    understanding    of    the    assignment.    Work    will    generally    not    demonstrate    a    clear    .focus    (e.g.,    the    paper     may    wander-­‐around)    or    method    of    approach,    but    there    is    some    attempt    to    do    so.    Its    use    of    material    to    support     judgments    is    adequate    and    will    show    some    awareness    of    the    strengths    and    weaknesses    of    other    positions.    C    work     demonstrates    that    there    is    sufficient    knowledge    of    the    material,    but    that    there    remain    some    deficiencies    in     understanding    and    expression.    In    exams,    C    work    shows    an    adequate    (but    not    more    than    adequate)    knowledge    of     the    material    and    on    essay    questions,    will    show    the    same    characteristics    listed    above    for    written    work.    C    work    often     displays    a    poor    technical    grasp    of    the    conventions    of    writing    (spelling,    punctuation,    etc.)    and    often    lacks    good     organization.         “D”    work    is    barely    passing    work.    It    is    generally    unsatisfactory    but    demonstrates    a    bare    minimum    of    knowledge    of     the    subject    matter.    There    is    little    to    no    awareness    of    the    strengths    and    weaknesses    of    other    positions,    little    to    no     organization,    and    poor    use    of    technical    conventions.    What    saves    D    work    from    failure    is    a    barely    adequate    grasp    of     the    material.              “F”    work    does    not    meet    any    of    the    above    listed    criteria.              Syllabus    is    subject    to    change    at    the    discretion    of    the    instructor.      COURSE    CALENDAR      5  CHAPTER    1:    Faith    and    Reason    –    I     1/12    Pp.    11—26        Lecture.    Discussion.     1/14        [PERSON].    Discussion.     1/19        Quiz.    Discussion.              CHAPTER    2:    Faith    and    Reason    –    II     1/21        Pp.    27—45     1/26            Quiz.    Discussion.     1/28            [PERSON].    Discussion.          CHAPTER    3:    Doing    Theology     2/2            Pp.    46—72.         2/4                Quiz.    Discussion.     2/9                Quiz.    Discussion.          CHAPTER    5:    Revelation:    Does    God    Communicate    with    Humans?     2/11                Pp.    100—120.        Lecture.    Discussion.         2/16                Quiz    to    begin.         2/18                TEST    (Chapters    1,    2,    3,    5)          CHAPTER    6:    The    Trinity     2/23            Pp.    121—150.        Lecture.    Discussion.         2/25                Quiz.    Discussion.          3/1    –    3/3        SPRING    BREAK          CHAPTER    7:    Human    Nature    and    Human    Destiny     3/8                    Pp.    151—182.    Lecture.    Discussion.         3/10                Quiz.    Discussion.     3/15                Quiz.    Discussion.          CHAPTER    8:    The    Catholic    View    of    Scripture:    Inspiration    and    Inerrancy     3/17                        Pp.    183—211.    Lecture.    Discussion.         3/22                        Quiz.    Discussion.     3/24                        TEST    (Chapters    6,    7,    8)          CHAPTER    12:    Christology     3/29                    Pp.    289—312.    Lecture.    Discussion.         3/31                        Quiz.    Discussion.     4/5                                [PERSON].    Discussion.     4/7                                [PERSON].    Discussion.          CHAPTER    13:    Ecclesiology     4/12                    Pp.    313—338.    Lecture.    Discussion.         4/14                    Quiz.    Discussion.     4/19                    Quiz.    Discussion.     4/21                    TEST    (Chapters    12,    13)     "" Self-­‐Evaluations    due.     4/25                    Final    Examinations    (Individual    oral    examinations    with    instructor)           6",1,positive,NEGATIVE,0.988004208,,,
"Culture Activities: A list of activities and submission guidelines are located in the course WebCT site under “Course Tools.” They require research in the library or online (do not use You tube, Wikipedia, or tourist sites) on three assigned cultural topics",1,positive,NEGATIVE,0.990514398,,,
Did you complete all of the items listed above? 5 points are automatically deducted from your assignment if you use Wikipedia as a reference (and you are fired),14,positive,NEGATIVE,0.999594748,,,
"Course Schedule Unit/ Week Unit Description/Objectives Assessment Label:Description Due Date 1 Week One: Introduction to Course/Syllabus Read syllabus (in class) Syllabus quiz Syllabus quiz 2 Homework for Week Two:: [PERSON]: ""Fairy Tales"" Wikipedia Google 2 Week Two: What is a Fairy Tale? Wikipedia/Google Powerpoint: The Brothers Grimm Homework for Week Three:: Read: ""Once There Were Two Brothers Named Grimm"" pp xxiii-xxxvi 3 Week Three: Who were the Brothers Grimm? Discussion: ""Once There Were Two Brothers Named Grimm"" pp xxiii-xxxvi Film: The Brothers Grimm Homework for Week Four:: READ: ""The Frog King, or [PERSON] [PERSON]"" pp 2-5 ""Rapunzel"" pp 42-45 4 Week Four: The Frog King/Rapunzel Discussion: The Frog King/Rapunzel Film: The Frog King/Rapunzel Homework for Week Five: READ: ""[PERSON] and [PERSON]"" pp 53-59 Essay 1:: The Brothers Grimm Extra credit: 5 points Name two movies (one animated; one starring [PERSON] [PERSON]) whose main theme is the same as Sir [PERSON] and the [PERSON]",2,negative,NEGATIVE,0.995174348,,,
"March 21 * [PERSON] [PERSON], ""Privacy: Tagged, Found out on Facebook"" * [PERSON] [PERSON], ""Is Facebook Making Us Lonely?"" (The Atlantic) * [PERSON] [PERSON], ""Facebook Isn't Making Us Lonely...And Americans Aren't That Lonely Either: Refuting the New Atlantic Cover Story"" (Slate)  March 23 * [PERSON] [PERSON] and [PERSON] [PERSON], ""Americans' Privacy Strategies Post-Snowden"" (Pew, 3/15/16) * [PERSON] [PERSON] & Victor Pickard, ""Think You're Reading the News for Free? New Research Shows You're Likely Paying with Your Privacy"" (The Conversation, November 6, 2015)  Research #3 due 3/21 Week 11    Advocacy & Making Social Change   What is civic media, and what are the avenues for civic engagement and possibilities for social change in the digital age? What tools can we use (old and new) to encourage change and create impact?   March 28 * [PERSON] [PERSON] [PERSON], ""Changing Citizenship in the Digital Age"" * Pagan Kennedy, ""How to Destroy the Business Model of Breitbart and Fake News"" (NYT, 1/7/17)  March 30 * LISTEN (at least one episode): [PERSON] [PERSON], ""#MakeAlCare: Taking on voter apathy one person at a time"" (KPCC, February 2015) * [PERSON] [PERSON], ""How did KPCC get voters to care? They picked one and made him care"" ([PERSON], 3/10/15)  Blog #3: Algorithm analysis due 3/28      DIY #3: MOS Audio due 4/7 Week 11    Advocacy & Making Social Change   What is civic media, and what are the avenues for civic engagement and possibilities for social change in the digital age? What tools can we use (old and new) to encourage change and create impact?   March 28 * [PERSON] [PERSON] [PERSON], ""Changing Citizenship in the Digital Age"" * Pagan Kennedy, ""How to Destroy the Business Model of Breitbart and Fake News"" (NYT, 1/7/17)  March 30 * LISTEN (at least one episode): [PERSON] [PERSON], ""#MakeAlCare: Taking on voter apathy one person at a time"" (KPCC, February 2015) * [PERSON] [PERSON], ""How did KPCC get voters to care? They picked one and made him care"" ([PERSON], 3/10/15)  Blog #3: Algorithm analysis due 3/28      DIY #3: MOS Audio due 4/7   Week 12      New Modes & Ethics of Storytelling Have new media and news platforms, from digital to social, changed storytelling? What are our responsibilities and ethical obligations as media creators and storytellers? What is the role of fair use in digital storytelling and participatory culture?  April 4 *  [PERSON] [PERSON], ""Property: The Wikipedian's Dilemma"" * ""Measuring Fair Use: The Four Factors"" (Stanford University Libraries) * [PERSON] [PERSON], ""Appeals Court Strikes a Blow for Fair Use in Long-Awaited Copyright Ruling"" ([PERSON], 9/14/15) * [PERSON] [PERSON], ""Copyright Vampires Attempt to Suck the Lifeblood Out of Fair Use Video"" (EFF, 1/10/13)  April 6 * [PERSON] [PERSON], ""Storytelling in the Digital Age"" * Neil Shea, ""How to Tell Powerful Stories on Instagram"" * ""Twitter Fiction: 21 Authors Try Their Hand at 140 Character Novels"" (The Guardian, 10/12/12) * [PERSON] [PERSON], ""[PERSON] [PERSON] [PERSON] [PERSON] [PERSON] [PERSON] [PERSON] [PERSON] [PERSON] [PERSON] [PERSON] [PERSON]"" (Esquire 10/20/16)     In class exercise: Tweeting as an Art Form  Research #4 due 4/4 Week 12      New Modes & Ethics of Storytelling Have new media and news platforms, from digital to social, changed storytelling? What are our responsibilities and ethical obligations as media creators and storytellers? What is the role of fair use in digital storytelling and participatory culture?  April 4 *  [PERSON] [PERSON], ""Property: The Wikipedian's Dilemma"" * ""Measuring Fair Use: The Four Factors"" (Stanford University Libraries) * [PERSON] [PERSON], ""Appeals Court Strikes a Blow for Fair Use in Long-Awaited Copyright Ruling"" ([PERSON], 9/14/15) * [PERSON] [PERSON], ""Copyright Vampires Attempt to Suck the Lifeblood Out of Fair Use Video"" (EFF, 1/10/13)  April 6 * [PERSON] [PERSON], ""Storytelling in the Digital Age"" * Neil Shea, ""How to Tell Powerful Stories on Instagram"" * ""Twitter Fiction: 21 Authors Try Their Hand at 140 Character Novels"" (The Guardian, 10/12/12) * [PERSON] [PERSON], ""[PERSON] [PERSON] [PERSON] [PERSON] [PERSON] [PERSON] [PERSON] [PERSON] [PERSON] [PERSON] [PERSON] [PERSON]"" (Esquire 10/20/16)     In class exercise: Tweeting as an Art Form  Research #4 due 4/4     Week 14  Publics, Public Interests, & Interests Among Publics What is the ""public interest""? Do media and news outlets have a responsibility to serve the public? Are there avenues for citizens to change or make their own publics? What's the difference between giving people the news/media they want, when they want it vs",1,positive,NEGATIVE,0.995385349,,,
"Only top three exam grades will be counted. Additional Learning Resources: ASU [PERSON] [PERSON], ASU Tutoring Center, Khan Academy, www.wikipedia.org, www.youtube.com, www.coursera.org What to Expect from Me: Hard work, professional and respectful treatment",1,positive,POSITIVE,0.909886718,,,
"the ""no Wikipedia rule"") For each experiment, a reference page is needed",2,neutral,NEGATIVE,0.996673942,,,
"Historical perspectives– The “Golden age”. Aug 31st Historical maritime piracy overview and economics Wikipedia on Caribbean Piracy. Sherry, F",1,positive,POSITIVE,0.88929975,,,
"4/19/2016  EE140 Analog Integrated Circuits  EE 140 / 240A Analog Integrated Circuits Spring 2016 MWF 1­2pm, 293 Cory Class info, homework questions, etc.: piazza (signup) previous semesters: 15sp, 09fa lectures; homework My policy on CHEATING.  READ IT!   Instructor  Kristofer S.J. [PERSON][PERSON][PERSON][PERSON]<­­ easiest method of contact     512 Cory Hall � if my door is open, feel free to come in Office M 9:30­10:30, W 2­3 Hours TAs, OH David Burnett, [EMAIL], tba Required Gray, Hurst, [PERSON], Meyer, Analysis and Design of Analog Integrated Circuits, 5th edition. Texts Razavi, Design of Analog CMOS Integrated Circuits   Johns and [PERSON], Analog Integrated Circuit Design Horowitz and Hill,  The Art of Electronics Homework & labs 25% Midterms (2) 10+15% Grading Project 25% Final  25% Collaboration is encouraged; copying is not.  Explaining how you solved a problem to Homework someone is fine; handing them your solutions is not.� Helping someone debug their schematic or circuit is fine; giving them your schematic is not. Write your own answers and draw your own schematics without staring at someone else's. Project Suggested reference   Schedule Lectures Week Topic by Date  HW & labs  Reading (GHLM) Page xiv symbol conventions; 1.5, 1.6 MOS large & small signal models; skim chapter 3  1  1/20   1/22  Introduction: what is 140 all about; Op­amps circuits  hw1 solutions Lab1 lab files  2  1/25 1/27 1/29  Taylor, Heaviside, and Bode diode, BJT, & MOS physics MOS small signal model(s)  hw2 solutions  http://robotics.eecs.berkeley.edu/~pister/140sp16/index.htm  RoI chart pdf pptx  1.2  1/3  4/19/2016  EE140 Analog Integrated Circuits  2/1 2/3 2/5 2/8 2/10 2/12  Common source single pole amplifiers frequency and step response CS; input pole Input capacitance Active load, body effect  2/15 2/17 2/19  Presidents Day. no classes sp08 mid1 solutions Common gate; Review fa09 mid1 solutions Midterm I � 1 page notes, 2 sp15 mid1 sides  Frequency response notes  6  2/22 2/24 2/26  Current mirrors Differential pair  Differential amplifier  hw5 hw5soln hw5soln2  3.5.{3,4,5} MOS diff pair (eqns. 161, 171..174, 188, 189, 191, 199, 201; Fig 3.51) 4.2.2.2 MOS current mirror (eqns 17..20) 4.3.1, 4.3.5.2 Active loads (eqns 143, 149)  7  2/29 3/2 3/4  2 stage op­amp common mode and differential gain input/output swing  hw6 hw6soln hw6soln2 hw6solnP2 hw6solnk2­w  6 read 6.1.1, skim through eqn 6.25 6.3 through 6.3.5 inclusive 8 through 8.2 inclusive 9.1,2  8  3/7 3/9 3/11  2 stage op­amp feedback, stability frequency response  Miller compensation figures Lab4 hw7 hw7pts hw7soln2  9.3 through 9.4.3 inclusive  3/14 3/16 3/18  Miller compensation and pole splitting hw8 Current mirror pole/zero hw8soln2 doublet; RHP zero from Cc Supply­independent biasing  3  4  5  9  3/21­25  10  3/28 3/30 4/1  11  4/4 4/6 4/8  12  4/11 4/13 4/15  13  4/18 4/20  SPRING BREAK!  Pray for snow. Supply­independent biasing midterm review Midterm II � Extended class period: 1:10�2:30 for the exam Folded cascode Switched capacitors ADCs and DACS Folded cascode biasing Switched capacitors: ADC, PGA MOS switch Switched capacitors Presenting results; const­gm  http://robotics.eecs.berkeley.edu/~pister/140sp16/index.htm  Lab2: Cadence hw3 solutions  7.1, 7.2.1 up through eqn. 7.27 3.1, 3.2, 3.3.2  hw4 self­grading  3.3.5 (eqns. 3.55 and 66) 3.4.2.2 (eqns 3.126, 127, 128) Figure 4.17  SNOW  4.4.2, 4.4.3 biasing; with emphasis on the MOS parts  SNOW  sp08 mid2 sp15 mid2 FC like problem 2 will not be on your exam midterm2 solutions Final Project Lab5 hw9    6.1.7.1 Switched capacitor amplifier 6.6 folded cascode Wikipedia: ADC, SAR ADC  hw10  4.2.5.2 high swing current mirrors  2/3  4/19/2016  EE140 Analog Integrated Circuits  4/22 14  4/25 4/27 4/29  15  5/2 5/4 5/6  biasing rail­to­rail input and output Ri, Ro, and feedback noise RRR week.� Project presentations.  Final Exam: Tuesday, May 10, 8­11 AM  http://robotics.eecs.berkeley.edu/~pister/140sp16/index.htm  3/3",1,positive,NEGATIVE,0.997033596,,,
NO wikipedia,1,neutral,NEGATIVE,0.993314445,,,
"CSC 9010-003: Seminar: Big Data and Data Science - Fall, 2014 CSC 9010-003: Seminar: Big Data and Data Science - Fall, 2014 Research in Class for Unit 06 (MapReduce), September 30, 2014 Groups for (both parts of) this evening: [PERSON] and [PERSON] [PERSON] and Sharanya and [PERSON] [PERSON] and Swathi Ravi and [PERSON] [PERSON] and Juan Part 0 of this research: Let's all read and then briefly discuss the Wikipedia entry on MapReduce",1,negative,POSITIVE,0.948980927,,,
"27th, 2012; entry ""Instituto Cervantes"" (wikipedia). You will receive feedback on the first draft of your final paper.   List of readings:  ""Advertencias para el uso de este diccionario."" Available at: [PERSON][PERSON][PERSON], María Cecilia",1,negative,POSITIVE,0.766119421,,,
"Newspapers, internet sites such as Wikipedia, and non-peer reviewed reference material will not be accepted for assignments and will be returned to the student group without a grade",1,neutral,NEGATIVE,0.999738514,,,
"YOU MUST USE CHROME OR FIREFOX AS YOUR BROWSER. For a free download of Chrome click here for a free download of [PERSON] click here. Exams and Assignments Assessments/Quizzes (on Canvas website) These are to evaluate your comprehension of the materials covered in each chapter (worth 50% of your overall grade). • All work will be scored 0% to 100% and may be multiple choice, true/false or short answer questions and are only allowed one (1) attempt on all quizzes (EXCEPT for the Pretest) • These are NOT group exercises • All quizzes/tests/assessments/exams are posted on the Canvas website BUT you will need to click here to download “[PERSON] [PERSON] [PERSON]” in order to take the quizzes/tests/assessments/final exam • You are required to get 100% on the “Pre-Test” (unlimited attempts) which covers the material from the Mandatory Reading under Week #1 Learning Curve (on LaunchPad website) These are a series of assignments to be completed on the LaunchPad website in conjunction with Chapter readings (worth 10% of your overall grade). • These are NOT group exercises • All work will be scored 0% to 100% Interactivity (on Canvas website)  6A  This is your major written assignment; each chapter will contain an interactivity that may consist of a reading passage, news flash or video and questions that require feedback, reaction comments and/or researched responses in the form of short answer and/or short essay responses which will be posted on Canvas website but may link to the LaunchPad website (worth 15% of your overall grade) • You are required to use college level language skills which includes: complete sentences with appropriate spelling and punctuation (do NOT use abbreviations, slang, or texting lingo like: LOL, IDK) • You must provide reasonable content for a college level student (between 100-200 words but NO MORE THAN 300 WORDS) • You are required gather the material for your response ONLY from your textbook and the Interactivity source (Wikipedia, tabloids, newspapers, blogs, fortune cookies, psychics, palm readers, are NOT considered valid resources)!! • You MUST reference where you got the information or it is considered plagiarism • The following information should follow your reference in parenthesis and highlighted yellow: o Last name of author o Page number o Here is an example: “… for you and everyone else, surprises occur …” ([PERSON], p",1,positive,NEGATIVE,0.998448253,,,
"These statements apply to students who consult Wikipedia, or other online sources, and then recite information found there as if it were their own",1,positive,NEGATIVE,0.988257945,,,
28 May 2007 < http://en.wikipedia.org/w/index.php?title=International_Workingmen%27s_Association&oldid=131264816 >,1,neutral,NEGATIVE,0.981382132,,,
"Trip to the winte er meeting o of Sociologissts for Womeen in Societyy   Febru uary 4‐5, 20112    The winter meeting o of SWS was held in St. Petersburg thhe first weekk in Februaryy. In my rolee as  ASA pressident I wantted to attend d to give som me kind of ppresentation around my theme of Reeal  Utopias. I thought SW WS would be e a great opp portunity exxplain the ch haracter of th he theme an nd  ng in  encouragge feminist ssociologists tto be activelly engaged i n the discussions at the ASA meetin Denver in n the summe er.  day. I had beeen a speakeer at  I arrived on a red eye e flight from LA at 7:00 in the morni ng on Saturd th brating the 550  anniverssary of the P Port Huron  a two day conference in Santa Baarbara celeb nt, the core Manifesto fo or the Stude ents for A deemocratic So ociety writteen by [PERSON][PERSON][PERSON] Hayden aand others in n 1962. The only way to combine [PERSON] two eventts was to takke the red eyye  after the Santa [PERSON][PERSON]meeting concluded o on Friday evvening.  o the hotel, aand slept fou ur hours. In tthe afternoo on, I had lun nch and hungg out  So, I arrivved, went to with a former studen nt who had just gotten tenure and t hen walked to the end o of the St.  Petersbu urg [PERSON]. The conversatio on with [PERSON] was interresting, and brought hom me how trickky it  is to really clearly gett across the specific agenda of real uutopias.  Wee talked about is the wayys in  which social moveme ents in the sstruggles con nnect to the issue of reaal utopias. W What is  sometimes hard to n nail down is tthe differencce between revealing an nd decodingg the values  embedde ed in the asp pirations of m movements,, or even theeir vision of what a desirrable world  should be e like, and th he problem of the institutional mec hanisms and d social strucctures which h  would ch haracterize ssuch a world. There are ttwo kinds off issues in play here. Onee concerns tthe  problem of culture. C Culture figurre prominently in the cuurrent forms of oppressio on, and man ny  movements are involved in challenging those cultural foorms. Sexist culture is on ne of the  condition ns that sustaain gender oppression, b but it isn’t soo helpful for a real utopia analysis to o  simply afffirm that real utopias em mbody and aaffirm a nonnsexist (and nonracist, nonclassist,  nonhomo ophobic, etcc.) culture. O Of course this is true, butt it doesn’t ttell us such aabout the deesign  of institu utions that enable and co onstrain sexist social praactices. The other probleem is that th he  practical tasks of many movements is simplyy counteringg the effects of oppressio ons or defen nding  the interests and wellbeing of grroups againsst assaults. SSuch strugglees are cruciaal, but they m may  not tell u us much an institutional designs for e emancipato ry alternativves. So, we ttalked along  these line es for a coup ple of hours,, and this he elped me foccus  some of what I need to say when n exploring rreal utopias with  sociologists.  was pleasantt. As I walkedd out,  The walkk to the end of the pier w various cclusters of women sociollogists at the e SWS meeting  were walking back. N Nice encountters. Everyone made mee feel  very welccomed. At th he end of the pier I bum mped into Maargaret  Vitullo, the director o of education nal outreach from the ASSA  Executive e Office. She e was with a couple of otther sociolo gists  admiringg the pelicans. Fantastic birds. A kid ttossed somee kind of   SWS Winter meeting          2   prawnish creature to one of the them; the pelican caught it, then dropped it. So I crept up to it  and held the critter at arm’s length for the pelican to take it again. He looked at me. I looked  back and stretched out a bit more dangling the prawn. The bird poked its beak and the thing,  sort of took it in its mouth and spat it out. I kept trying until someone said that Pelicans only ate  fish, not crustaceans.   [PERSON][PERSON]and I have struck up a very comfortable relationship since I was elected, and she has  been one of the most enthusiastic supporters of my various outreach efforts. She has been  especially important in helping organize my visit to Gaulladet University where I will give a talk  February 13 and where she taught for a while. This coming week I am getting some sign  language instruction so that I can do a greeting at Gaulladet. I asked Margaret what she thought  I should say. We discussed alternatives and came up with:  “I am honored to come to visit Deaf  World.”  She then showed me the signs. They were beautiful. It is so striking, even for someone  completely unfamiliar with ASL, how expressive the communication gestures can be.  I am sure  I can master this for the talk.  The evening was taken up with the fabled SWS banquet. Quite an exciting party. For me the  highlight was an extended shout‐out for people who had reached important milestones in life  and careers:   • • • • • • • • • • • • • •  “Who has finished their MA?”   “Who has taken their comps, and passed?”   “Who has finished their P‐H‐D?”   “Who has gotten their first job?”  “Who has gotten promoted to tenure?”  “Who has become a full professor?”  “Who has submitted an article to a journal?”  “Who has gotten an article accepted?”  “Who has a book contract?”  “Who has retired?”  “Who has had a baby?”  “Who has gotten married?”  “Who has gotten divorced?”  “Who has had none of these things?”   After each question the relevant group of people who stand up amidst cheers and hoots and  applause. When we got to the more pivotal events – especially finishing a PhD, first job, and  tenure – the women being celebrated who pump the air Rocky Balboa style accompanied  raucous cheering. I was deeply struck by how heartfelt all this was. This sort of thing could be  just going through the motions, but it wasn’t. The room, filled with around 300 people, was  overflowing with love and shared pleasure marking these achievements. I thought of the main  contrasting way that achievements are recognized publicly – competitions and prizes for the  best book, for example. When people applaud the giving of a prize it is a public recognition, and  it reflects the value people place on the achievement, but it is not like this collective affirmation  of shared lives and the hope for each person to flourish and realize their life plans.    SWS Winter meeting          3   The other notable thing in the banquet was the SWS silent auction. People brought things to be  auctioned at the banquet to raise money for some local women’s movement or project. The  goal this year was to raise $5000 (which they did). Representatives from the groups that were  to get this money gave short presentations about their work. A woman describing the projects  of a local group working against domestic violence was especially interesting to me, and useful  from the vantage point of the real utopias agenda. She described in some detail two projects –  one concerning a battered women’s shelter, and the other a violence prevention program in  the schools, built around a curriculum – which they called “peacemakers” – designed to give  kids from an early age words and strategies for dealing with interpersonal conflicts. She related  a specific incident that she felt was symbolic of the aspirations of the project: one of the  funders of the organization reported an incident in which her 7 year old daughter stepped into  a conflict between two 9 year old cousins and used the techniques she had learned two years  earlier in the peacemaker program to calm things down and resolve the conflict. I felt that  these two projects – shelters and peacemakers – illustrated the agenda of real utopias: in the  alternative world we would like to bring about we will always need something like peacemakers  curricula and ways of teaching it effectively to children of different ages in order to sustain a  culture of nonviolence and interpersonal peaceful conflict resolution. Building such practice  now and figuring out how best to do this is therefore an interstitial real utopia transformation,  whereas domestic violence shelters are an institutional device for coping with the problem, not  for realizing the alternative.  The evening culminated with energetic dancing . Initially I didn’t want to enter the fray. There  were only three or four men in the room and somewhere around 300 women – maybe 200 by  the time the dancing began. But eventually I joined in and had a good time (even though it was  pretty hard on my left knee, alas).  The workshop on Feminism and real utopias took place Sunday morning, 9:00‐10:15. Not a lot  of time, but they had a very packed schedule. The format was for me to give a 5‐10 minute  introduction laying out the RU agenda, and then for a number of women to either comment on  one or more of the RU proposals that will be presented in Denver and have already been  posted on my website, or to present their visions of a real utopia that is not on the agenda for  the ASA from their own work. Five such presentations were scheduled, so that made for a  pretty tight session.  In my opening remarks I began by talking about the two real utopian moments from the  previous evening – the shout‐out for milestones (as a contrast to recognition through  competitive prizes) and the peacemakers program. I then explained what I now call the  foundational empirical claim of any critical sociology and the three tasks that follow from this  claim:  •  The empirical claim: much human suffering and many deficits in human flourishing are  the result of the organization of institutions and social structures. I argued that this  should not be seen as a controversial claim; it was fundamentally one of the pillars of  sociology. What is controversial is the identification of the precise mechanisms that  generate the harms.   SWS Winter meeting       •     4   The three tasks: diagnosis and critique; envisioning alternatives; a theory of  transformation.   This was followed by a very brief elaboration of what it means to frame the second task in  terms of real utopias. I illustrated this with Wikipedia as one example (and explained the  Wikipedia initiative and the use of Wikipedia in the classroom), and worker cooperatives as  another.  I went a bit over ten minutes, but not much. There then followed two commentaries on the  proposal for democratic education written by [PERSON][PERSON][PERSON][PERSON]and [PERSON][PERSON][PERSON], and three short  presentations around movements around violence against women. The two commentaries  both pointed out the silence on gender (and race and heteronormativity) in the Fielding/Moss  proposal, but did not really make any specific suggestions about what institutional design  mechanisms should be added to deal with these issues in an emancipatory way. The three  presentations on violence involved some discussion of institutional designs in some empirical  settings, but also did not really address the distinctively real utopian dimension of their cases.  Still, I felt that the expositions were interesting and thoughtful, and overall the session did help  to sharpen the agenda.   At the end I was asked for some final thoughts, following a few interventions from the floor. I  encouraged everyone to be active participants in the sessions at the ASA and then said the  following: “There will be 21 sessions built around specific proposals. Two of these directly  involve gender issues – one by Judith Lorber, [PERSON][PERSON][PERSON][PERSON]and [PERSON][PERSON][PERSON], and a  second by [PERSON][PERSON][PERSON], exploring the problem of the family division of labor. But gender  issues, of course, will be important in many of the other topics as well. I hope many of read the  proposals that interest you and then leave comments on the ASA website where the proposals  will be posted, and then come to the session to raise these issues. What I especially encourage  you to do is not simply point out that a proposal has been inattentive to gender issues, but to  positively suggest how paying attention to gender will change something in the institutional  design that is proposed. And it could happen, in some of the proposals, that even if the   proposal did not pay attention to gender that doing so would not change the institutional  design. Gender may just not matter that much in some cases.”   Afterwards a number of women came up to object to this final comment. I tried to explain that  while gender is always relevant to the analysis it is not necessarily the case that the institutional  design for a specific real utopia problem will have any distinctive gendered elements. This  didn’t go down well. I got a mini‐lecture by one person about how important it was for the  mainstream to take feminism seriously and always bring out the gender dimensions of a  problem. Things were a bit rushed at that point, but I couldn’t quite get across the idea that  taking gender seriously does not prejudge the outcome of an analysis in terms of how  significant it turns out to be for the solution of some problem. I think this is an issue that I need  to fold into the presidential address I gave, and I need to say it in a way that is well heard by  people.  Here is an email I received after the meeting on this issue:   SWS Winter meeting    5      I thought the session went very well until the end.  The part I think was really useful were the two  critiques of the proposal.  Hopefully they’ll go on the site, and perhaps the authors will dialogue and even  hear the criticisms and perhaps improve the paper…    At the end, the very end, I’m afraid you really put your foot into mouth…. We all think everything is  gendered (as well as “raced” and about class).  So the remark that urban transportation had no gendered  implications was perceived to indicate that you didn’t “get it”….  Just so you know…. But I think there will be very nice unintended consequences….an engaged, pissed off feminist community  might get us more people reading and responding to the proposals, and even offering their own.  So,  ironically, I think it’s a good thing…   And my response:  About my final ""foot in the mouth"" remarks in my presentation, what I meant to say is that even if existing  public transportation is gendered in all sorts of ways ‐‐ I surely agree with that ‐‐ it does not follow that  there is a distinctive gender dimension to the institutional design of an ideal public transportation system.  It cannot be axiomatic that the ideal design of every institution will have some specific gendered‐ institutional‐design‐principle. I say the same thing about class. Even though all existing institutions are  permeated by class inequalities, it doesn't follow that the real utopia institutional design around every  issue will have a distinctive class dimension. The reason is that if there is a solution to class inequalities in  the core institutional contexts where class is formed, then in other institutional contexts the ideal designs  may not require any additional class‐specific institutional features. In the gender case, if we construct the  model of gender‐egalitarian (or post‐gender or degendered...whatever) schooling, family support  institutions, employment relations, health institutions, education, and perhaps a few other core  institutional sites, it could be that there would not be any specific gender‐relevant design features for  ideal public transportation. My only point is that this needs to be treated as an open question, not  something we know axiomatically in advance of studying the problem and making the relevant theoretical  arguments.     But the main thing, I think, is the idea that I hope people do not mainly criticize the proposals by simply  pointing out that they sideline gender, but rather make positive arguments about what it means to specify  institutional principles in a way that includes gender‐emancipatory elements. In the two criticisms of the  education proposal there wasn't much that did that ‐‐ that actually said how a gender‐emancipatory  democratic egalitarian school system would differ in its design principles from the one outlined in the  proposal.     Anyway, it will all be interesting and I hope constructive for feminist perspectives to vigorously be part of  the discussion.",1,positive,NEGATIVE,0.997180104,,,
Never cite Wikipedia.com in your reports. Late reports: Late reports will be given a 10% per day penalty (excluding weekends) and late reports will not be accepted after graded lab reports have been returned (usually the next lab period),1,negative,NEGATIVE,0.999706209,,,
Students who use non-academic sources (such as Wikipedia) will receive an F,1,neutral,NEGATIVE,0.710425079,,,
"First, read Pittenger’s (1993) criticisms (the PDF of which is included with the materials for this assignment). Look for additional information such as the material on Wikipedia.com (and at efforts to counter these criticisms, such as http://www.celebritytypes.com/blog/2014/02/mbti-for-skeptics/ )",2,positive,NEGATIVE,0.992796361,,,
"See [PERSON]'s information on refugees ( http://www.education.tas.gov.au/school/educators/support/esl/teaching/refugee ), [PERSON][PERSON][PERSON] ( http://www.findarticles.com/p/articles/mi_qa3785/is_200203/ai_n9066170 ); lightly browse [PERSON] ( http://en.wikipedia.org/wiki/Immigration_to_the_United_States_of_America ) and an overview of the Hutterites ( http://religiousmovements.lib.virginia.edu/nrms/hutterites.htm )",1,positive,NEGATIVE,0.994504333,,,
"Any songs we listen to during class will be provided by me, so you only need to worry about bring your books. Genius.com is a good resource for lyrics, but it’s a crowdsourced site so, like Wikipedia, it is not an academic source. If you are a student with a documented disability on record at Brandeis University and wish to have a reasonable accommodation made for you in this class, please see me",1,positive,NEGATIVE,0.810019732,,,
http://en.wikipedia.org/wiki/Dementia 9,1,neutral,NEGATIVE,0.975795805,,,
This is a good one to get a gentle intro to the big ideas. Statsoft Electronic Statistics Textbook: [PERSON][PERSON]This is a good resource for a quick and dirty review of different types of analyses. Kahn Academy: http://www.kahnacademy.org This is a good resource for a review of concepts from algebra or other elementary concepts & procedures. Wikipedia: Tends to cover things at a very high level with a lot of calculus in the explanations. TOPICAL OUTLINE & GRADE CALCULATION TOPIC  ASSESSMENT  PROPORTION OF COURSE GRADE  EDA - Exploratory Data Analysis  Data Analysis Project 1  20%  Probability  Exam  20%  Inference  Data Analysis Project 2  40%  Labs and other in class assignments.  20%  Summarizing and Describing Data with 1 and 2 variables  Drawing conclusions about a population based on a sample. Participation and Effort  Homework and assignments Preparation for class and participation in class discussions  ACADEMIC HONESTY  All academic work must meet the standards contained in “A Culture of Honesty.” Students are responsible for informing themselves about those standards before performing any academic work. More detailed information about academic honesty can be found at: http://www.uga.edu/honesty DISCLAIMER  Adjustments to this syllabus may be made as necessary. REASONABLENESS & POLITENESS  Be considerate of your fellow students and your instructor,1,positive,POSITIVE,0.994791389,,,
"[PERSON][PERSON]Risk Assessment Risk Assessment  EXAM III  3  Definitions and Agreement Regarding Academic Dishonesty Source Wikipedia (http://en.wikipedia.org/wiki/Plagiarism) accessed Jan 9, 2008 “Academic dishonesty or academic misconduct is any type of cheating that occurs in relation to a formal academic exercise",1,neutral,NEGATIVE,0.999046981,,,
"tech talk Oct 1 in Cisco Auditorium! Lecture 5 Vector graphics 1 hr Lab time Week 7--> Oct 2 Lecture 6.1 Color part 1 Lecture 6.2 Color part 2 Lab time: 45 min Postponed! Project 2 due 11:59 Friday, Oct 5 Oct 4 Postponed! Project 2 due 11:59 Friday, Oct 5 Introduced Blender 1 hour in-lab time Week 8--> Oct 9 Oct 11 Grades due Oct 11 Oct 15 Last day to drop with [PERSON] (5:00) Test 2 Week 9--> Oct 16 Lecture 7 3D Vector graphics [PERSON] [PERSON] Tears of Steel CMF Oct 18 Lecture 8 Video Part 1 45 min lab time Week 10--> Oct 23 Lecture 10: Video & Compression 1 hr in class lab time Oct 25 Lecture 11: Animation! Week 11--> Oct 30 Lab all period Nov 1 Test 3 question session Week 12--> Nov 6 Introduce Project 4 choices: GameMaker and video ELECTION DAY! TEST POSTPONED UNTIL THURSDAY Test 3 Nov 8 Test 3 Week 13--> Nov 13 Return test 3 Additional audio (Lecture 12) Wrap up Lecture (lecture 13) Nov 15 myggc-->Students-->Registrar's office Take the security capstone class's survey on phishing! http://168.28.21.104 Outside reading http://en.wikipedia.org/wiki/Ward_Cunningham [PERSON] [PERSON] [PERSON] [PERSON] Discuss copyright study [PERSON] http://en.wikipedia.org/wiki/Fair_use http://en.wikipedia.org/wiki/Digital_Millennium_Copyright_Act http://en.wikipedia.org/wiki/Online_Copyright_Infringement_Liability_Limitation_Act Introduce project 4 Week 14--> Thanksgiving Nov 20-25 Nov 20 Thanksgiving Nov 20-25 Nov 22 Thanksgiving Nov 20-25 Week 15--> Nov 27 Questions about Test 4 Course evaluations are available online Students will find their evaluations on my.GGC under the ‘My Class Climate Surveys’ heading, which should be on both the Home page and the Courses tab Nov 29 Test4 Course evaluations are available online Students will find their evaluations on my.GGC under the ‘My Class Climate Surveys’ heading, which should be on both the Home page and the Courses tab Week 16--> Dec 4 Return Test 4 Lab time Course evaluations are available online Students will find their evaluations on my.GGC under the ‘My Class Climate Surveys’ heading, which should be on both the Home page and the Courses tab Dec 6 Project 3 and Project 4 due Dec 7, 11:59PM Lab time Final Exam Q&A Course evaluations are available online Students will find their evaluations on my.GGC under the ‘My Class Climate Surveys’ heading, which should be on both the Home page and the Courses tab Week 17--> Dec 11 Final Exam: ITEC2110-24 Final Exam: 8:00-10:30 Building B 1750 Dec 13 Retrieved from "" http://wiki.ggc.edu/wiki/JimRowan:Fall2012:2110-24:ClassCalendar "" Views Page Discussion View source History Personal tools 34.207.90.213 Talk for this IP address Log in / create account Navigation Main Page Courses Faculty Groups How-to Guides Recent changes Random page Report abuse Help Search Toolbox What links here Related changes Special pages Permanent link Privacy policy About GGCWiki Disclaimers",1,positive,NEGATIVE,0.996234357,,,
"However, there are often also another type of article called review articles. Review articles are essentially Wikipedia articles for scientists- they summarize what is known about a topic and in doing so cite dozens of primary research articles. If you find an article, how can you tell the difference between these two? Both types of articles usually start with an abstract, which is a short summary of the article, as well as contain an introduction section and a conclusion section",1,positive,NEGATIVE,0.987761617,,,
"Can I use Wikipedia, [PERSON] [PERSON], About.com, Ask.com, Metafilter, Reddit, or some other general internet resource as a source in my paper/project? A",7,negative,NEGATIVE,0.998494864,,,
Assigned reading:    Course Syllabus    http://en.wikipedia.org/wiki/Sustainability Jan 14,1,neutral,NEGATIVE,0.914785802,,,
"The law and higher education: Cases and materials on colleges in court (3rd ed.). Durham, NC: Carolina Academic Press. Forbidden Source: Wikipedia! Course Objectives: ! Become familiar with laws and court cases that influence student affairs in particular and higher education in general ! Conduct basic legal research ! Utilize knowledge of laws to develop institutional policies and procedures that prevent or address legal concerns on campus Points Scale  EAHE 535b – Legal Issues in Higher Education (Spring 2015), page 2 Assignments - Legal Research Assignment 10 points Case Brief/Analysis 10 points Current Legal Issue 10 points Quizzes 10 points Institutional Policy/Handbook Project 10 points Midterm Exam 20 points Final Exam 20 points Participation 10 points TOTAL 100 points Students must complete all of the assignments in order to satisfy the requirements of the course. Grading Scale 100-91% = A  90-81% = B  80-71% = C  Attendance All students must prepare for, attend, and participate in each class period",1,positive,POSITIVE,0.988875628,,,
"If you are making use of outside books and legitimate academic online sources (i.e. no Wikipedia, personal websites, etc.), they must be cited in your paper and included in a works cited page. Failure to cite your sources and include a works cited page will result in an automatic loss of 5 points. You may use either footnotes (preferable for historical prose) or parenthetical notes",11,negative,NEGATIVE,0.999793351,,,
Emailed assignments will not be accepted. Paper Format Requirements:  Times New Roman 12 pt.  1-inch margins  Cover page with name and date (should be page numbered 0)  Typed and double-spaced with page numbers  Must cite all sources (Wikipedia and encyclopedias are not proper sources!)  Hard copy that must be stapled or paper-clipped  4  ***Papers that do not follow the format requirements will receive no higher than [PERSON] [PERSON][PERSON][PERSON][PERSON][PERSON][PERSON] will be docked half a letter grade for each day they are late,1,negative,NEGATIVE,0.999621511,,,
"This includes definitions found online on Wikipedia, materials from blogs, twitter, or other similar electronic resources",4,negative,NEGATIVE,0.964573264,,,
"For other (more modern material), please don’t be afraid to consult wikipedia (which I use constantly) or to ask the instructor for additional suggestions",3,negative,POSITIVE,0.500466526,,,
"4 http://en.wikipedia.org/wiki/Buffalo_Bill  Please note that this is a critical element of preparation for this class meeting because the application activities for this week and the next two weeks will be dependent upon this material! WRITING PRELIMINARY STATEMENTS HOMEWORK: BLOOM’S TAXONOMY, REVISED None  Syllabus for EDMS 410: Classroom Assessment Page 7 of 18  ~~~~~~~~~~~~~~~~~~~~~~~~~~~~~~~~~~~~~~~~~~~~~~~~~~~~~~~~~~~~~~~~~~~~~~~~~~~~~~~~~~~~~~~~~~~~ DATE: February 14 2013 TOPIC(S): REQUIRED READING: OTHER PREPARATION: APPLICATION ACTIVITY: ASSIGNMENT DUE: ASSESSMENT DUE:  Bloom’s Taxonomy, Revised, Part 2 (The Cognitive Process Dimension) A&K Ch",1,negative,NEGATIVE,0.97327131,,,
"11/29 Group report: Wikipedia, Urban Dictionary, and other forms of web collaboration",1,negative,NEGATIVE,0.857095838,,,
"Thus, social policy is that part of   HYPERLINK ""http://en.wikipedia.org/wiki/Public_policy"" \o ""Public policy""  public policy  that has to do with   HYPERLINK ""http://en.wikipedia.org/wiki/Social"" \o ""Social""  social  issues",10,positive,NEGATIVE,0.988990784,,,
Print-out of submitted wikipedia page and appropriate references and web-links,1,positive,NEGATIVE,0.984992146,,,
4 Internet Sharing Economies: Wikipedia Internet Archive GNU Gutenberg Project BBC 1,1,neutral,NEGATIVE,0.827475071,,,
Do not use Wikipedia! No sources (the text in particular) are used Grading: Course Assignments Homework: The homework will consist of your responses to specific questions each week that are to be submitted to the Dropbox,1,positive,NEGATIVE,0.996004045,,,
"As an example, an entry on a particular job attitude should include sections like: table of contents (quite important to the “Wikipedia police,” apparently), definition(s), operationalization(s), putative antecedents, putative consequences, implications for practice, and brief descriptions of closely-related constructs (if any)",2,positive,NEGATIVE,0.936317682,,,
"Includes overuse and inappropriate use of quotation marks, italics, parenthesis and absolutes (every, all, always, etc.)    Points deducted for poor flow/ease of read and absence of appropriate transitions or headings.    Points deducted for improper citations including use of wikipedia or other unsubstantiated website.    The Woodbury University Plagiarism Policy will be strictly adhered to",1,negative,NEGATIVE,0.999611914,,,
All memos should use no less than six scholarly sources (do NOT use Wikipedia or other online encyclopedias),1,negative,NEGATIVE,0.995811999,,,
"“Role Theory in Symbolic Interactionism: Czech Republic, Germany and the EU” Cooperation and Conflict published online 18 March 2014 DOI: 10.1177/[PHONE]525768 Additional Internet Sources: Fiscal Compact: http://en.wikipedia.org/wiki/European_Fiscal_Compact ECB: http://www.ecb.int/home/html/index.en.html Euro: http://www.ecb.int/euro/html/index.en.html Monetary Policy: [PERSON][PERSON][PERSON] and SEA: http://www.civitas.org.uk/eufacts/ecofin.html EMU System: http://www.civitas.org.uk/eufacts/FSECON/EC9.htm Stability and Growth Pact: http://www.civitas.org.uk/eufacts/FSECON/EC10.htm Eurozone Crisis: http://www.civitas.org.uk/eufacts/download/TheEurozoneCrisis(Oct2010).pdf Regional Funds: http://www.civitas.org.uk/eufacts/FSSOC/SF2.htm EU Regional Policy: http://europa.eu/legislation_summaries/regional_policy/index_en.htm EU Sustainable Development: http://ec.europa.eu/environment/eussd/ Europe 20/20: http://ec.europa.eu/resource-efficient-europe/index_en.htm EU Energy Policy: http://europa.eu/pol/ener/index_en.htm EU Energy Strategy: http://ec.europa.eu/energy/index_en.htm EU Budget: http://www.civitas.org.uk/eufacts/OS/SF1.htm Budget Facts: http://ec.europa.eu/budget/figures/2011/2011_en.cfm SEA: http://europa.eu/legislation_summaries/institutional_affairs/treaties/treaties_singleact_en.htm  7  SEA Facts: http://www.civitas.org.uk/eufacts/FSTREAT/TR2.htm EMU and SEA: http://www.civitas.org.uk/eufacts/ecofin.html IV.  EU Institutions  Core Readings: Pascal Fontaine",1,negative,NEGATIVE,0.98551625,,,
1 out  R 9-8  Heuristic Search  AIMA §3.5–3.6; 5.1–5.3  First topic presentations  T 9-13  CSPs & local search  AIMA §6.1–6.2  R 9-15  Monte Carlo Tree Search  Wikipedia  T 9-20  Neural Networks  AIMA §18.6–18.7.3  R 9-22  Training Neural Nets  AIMA §18.7.4–18.7.5  T 9-27  Can AI be creative?  Boden  R 9-29  Project Proposals  T 10-4  Theorem proving  AIMA §7.1–7.5  R 10-6  Answer sets  AIMA §7.6; 10.4.2  T 10-11  Planning  AIMA §10.1–10.2  R 10-13  Plan Graphs  AIMA §10.3  T 10-18  No class (Fall recess)  R 10-20  Project review 1  T 10-25  Bayesian Networks  AIMA §14.1–14.5  R 10-27  Bayesian Learning & EM  AIMA §20.1–20.3  T 11-1  Genetic Algorithms  AIMA §4.1  R 11-3  Project review 2  T 11-8  Learning  AIMA §18.1–18.4  R 11-10  Reinforcement learning  AIMA §21.1–21.3  T 11-15  Deep Learning  Vincent et al,1,positive,NEGATIVE,0.992708385,,,
[PERSON] [PERSON] [PERSON] [PERSON] at wikipedia [PERSON] [PERSON][PERSON] [PERSON] [PERSON] Page A nice applet for [PERSON] [PERSON] [PERSON] [PERSON][PERSON] [PERSON] [PERSON] web site Rubik's [PERSON] [PERSON][PERSON] [PERSON] at wikipedia Beginner Solution to the Rubik's Cube How to Solve the Rubik's Cube Solving Rubik's [PERSON] for speed How to solve a Rubik's [PERSON] at youtube http://www.schubart.net/rc/,3,positive,POSITIVE,0.969012082,,,
WIKIPEDIA is not an acceptable source of information and should not be used while doing academic research,4,neutral,NEGATIVE,0.999443829,,,
- Students will submit a one-page hand written summary of the group task and experience/outcome - Students must attend class and be active participants in the group to earn points CURRENT EVENTS (7 x 20) = 210 Points News Article Source Options: - Springfield News and Sun - Dayton Daily - Columbus Dispatch - Newsweek - USA Today - Online Sources (Wikipedia not accepted) Current Event Written Assignment 1,1,negative,NEGATIVE,0.956208527,,,
"Here are some links that touch on controversies associated with [PERSON]: - Dean's World. - EDUCAUSE. - Reliability of Wikipedia, from Wikipedia itself Grading: A = 89.5 - 100; B = 79.5 - 89.5; C = 69.5 - 79.5; D = 59.5 - 69.5; F 59.5 - 0 Your grade will be based on how well you perform in the following: 1 - Weekly Quizzes (25%): You will be expected to take assessments each week for each of the  sections covered that week",1,positive,POSITIVE,0.767692566,,,
"Edition Steven Staggs Staggs Publishing ISBN: 978-1-933373-01-0 Definition / History of Forensic Photography http://en.wikipedia.org/wiki/Forensic_photography http://en.wikipedia.org/wiki/history of_forensic_photography [PERSON] [PERSON] for the Crime Scene Technician http://www.crime-scene-investigator.net/fet-ol.html Flash Fill in Crime Scene and Evidence Photography http://www.crime-scene-investigator.net/flashfill.html Black and White Contrast Filters http://www.crime-scene-investigator.net/filters1.htm Lighting Methods for Copy and Evidence Close-up Photography http://www.crime-scene-investigator.net/closeup.html Other Materials and Resources: Graph or Grid notebook paper (Sketch and Document Crime Scenes) Ruler & 20’ or 25’ Tape Measure 3 Ring Binder or Notebook with clear plastic page inserts Though you will be working in teams, each student will be required to maintain original images and modified images of each weekly assignment on their assigned flash drive",3,positive,NEGATIVE,0.991996825,,,
"What do we need to know about a platform before we participate? What makes a platform trustworthy or untrustworthy? Take a look at some platform EULAs. HOMEWORK: Write a ""filter"" or ""connector"" style blog post. Thursday November 29 BEFORE CLASS: Review your contribution to Wikipedia for the add to Wikipedia assignment",1,neutral,NEGATIVE,0.997729003,,,
It takes skill to scan through wikipedia and focus on the relevant material and to not click your way down a path of irrelevancies,2,positive,POSITIVE,0.729620576,,,
Hint- click next couple on Spotlight profile) www.en.wikipedia.org/wiki/Swining http://ejhs.org/volume3/swing/body.htm Reaction paper to readings Post TP?  Nov 13 Guest Speakers: Swinger Couple *you will lose 10 points for missing ANY guest speaker   TP? Response Value Paper 4:  Do you support Swinging or Nonmonogamy in Marriage? 3 Questions you would ask a Swinger Couple Nov 18 BDSM Ch 3 pgs,1,negative,NEGATIVE,0.999236941,,,
"Key Events: Direction.java , DirectionPanel.java (define different arrow classes that implement an arrow interface and draw the arrows using polymorphic references) Drawing and representing graphs: Graph.java , GraphPanel.java Interactive trigonometry: trigonometry.zip (see http://en.wikipedia.org/wiki/Trigonometric_function , http://en.wikipedia.org/wiki/Arctangent , http://mathworld.wolfram.com/Collinear.html ), add an arrow at the end of the line in Angle.java (use the arrow from Direction.java)",1,neutral,NEGATIVE,0.984766483,,,
"Readings, web material, videos, or other activities will be announced in a timely fashion.  January 13-15  introduction to course maps and definitions read [PERSON] [PERSON]’ “Appalachian Values” (handout) go to [PERSON] (www.wikipedia.org) and look up “Appalachia.” [PERSON][PERSON]any internal links you find interesting, and write a twelvesentence paragraph summarizing the material you think is most interesting, and another eight-sentence paragraph telling about what you found that is most surprising. 5  January 22  read introduction to High Mountains Rising and chapter 10 ([PERSON] on Folklife) and chapter 1 of Rehder’s Appalachian Folkways read “Night Ride” in Norman’s [PERSON][PERSON]January 27-29  read chapters 8 and 11 of High Mountains Rising (Hsuing on Stereotypes, Montgomery on English Language) and and skim chapter 9 of Rehder’s Appalachian Folkways use Google to find material about the pronunciation of “Appalachia” and other features of the accent read chapters 5, 6, and 7 of Rehder’s Appalachian Folkways  February 3-5  draft of Essay #1: “How I Came to Be in Appalachia” due in a typed hard copy in class or via KCTCS e-mail in a Word attachment due on Monday read “The Fight,” “The Tail-End of Yesterday,” “Home for the Weekend,” and “The Revival” in Norman’s [PERSON][PERSON]February 10-12  catch-up and review exam #1 on Wednesday  February 19  essay #1: “How I Came to Be in Appalachia” due go to [PERSON] (www.wikipedia.org) and look up “Appalachian Mountains.” Concentrate on the section on geology",1,positive,POSITIVE,0.928237319,,,
You may not use wikipedia or other websites that are not credible,2,negative,NEGATIVE,0.999775589,,,
"If there is any doubt, do not use it. Wikipedia is not a reliable reference for anything, even when discussing Wikipedia. Standards body web sites and corporate web sites are acceptable references for discussing their standards and corporations. Weekly Objectives Week 1  Starting Date Aug 23, 2010  2  Aug 30, 2010  3  Sep 6, 2010  4  Sep 13, 2010  5 6  Sep 20, 2010 Sep 27, 2010  7  Oct 4, 2010  8  Oct 11, 2010  Objectives Find and read at least 5 peer-reviewed articles on security topic of choice for paper Formulate problem statement with citations to support relevance. Find and read at least 5 more peerreviewed articles related to the proposed research",1,negative,NEGATIVE,0.997105777,,,
"Today when I pressed the ""I Feel Lucky"" button, Google gave me the Wikipedia page for agile software development",1,positive,POSITIVE,0.987312496,,,
"Object-oriented programming is attractive because it “promote[s] greater flexibility and maintainability in programming, and is widely popular in large-scale software engineering” (Wikipedia)",2,positive,POSITIVE,0.999654651,,,