sentence,course,discipline,institution,contributor,stance,confidence,prob_disc,prob_cond,prob_enc,word_count
Plagiarism/Sourcing: Do not rephrase or paraphrase sources using AI without proper citation.,AGRI 1415 Horticulture,Agriculture,Austin Community College,Hunter Eichman,conditional,0.4968211054801941,0.47910175,0.4968211,0.024077121,12
AI cannot be used as a primary or secondary source.,AGRI 1415 Horticulture,Agriculture,Austin Community College,Hunter Eichman,conditional,0.5816861987113953,0.38795483,0.5816862,0.030358989,10
"You may use AI to find sources, as discussed in “Initial Learning” above, but you cannot cite the AI itself, you must confirm and cite the source it came from.",AGRI 1415 Horticulture,Agriculture,Austin Community College,Hunter Eichman,conditional,0.9091106653213501,0.069146454,0.90911067,0.0217429,30
Misrepresentation: Presenting AI-generated ideas or analysis as your own is considered academic dishonesty.,AGRI 1415 Horticulture,Agriculture,Austin Community College,Hunter Eichman,conditional,0.4916626214981079,0.4739196,0.49166262,0.03441782,13
"Use of GAI tools for academic work:  a caution
Please do not use Generative AI tools as a substitute for your own thinking, reflections, and voice.",ANTH-6611: seminar in Applied Anthropology,Anthropology,"University of North Carolina, Charlotte",Donna Lanclos,conditional,0.6716348528862,0.2870859,0.67163485,0.041279294,26
"If you are uncertain, that’s OK, and it’s fine for it to be reflected in your writing.",ANTH-6611: seminar in Applied Anthropology,Anthropology,"University of North Carolina, Charlotte",Donna Lanclos,conditional,0.5499604344367981,0.20968194,0.54996043,0.2403576,17
"Remember, AI is not likely to generate a response that would be seen as quality work and should be modified and improved.",ACM271 - Intro to Arts & Cultural Management,Arts,Michigan State University,"Max Evjen

Twitter: @cantus94
Bluesky: @cantus94.bsky.social",conditional,0.5139380097389221,0.42729566,0.513938,0.0587663,22
"GAI can be a powerful learning tool, but like all tools, it has limitations and weaknesses that you should be aware of.",BIOSC_3750 General Microbiology,Biology,University of Missouri,Caroline Grunenwald,conditional,0.523884654045105,0.2170957,0.52388465,0.2590196,22
GAI can fabricate seemingly credible data and generate wholly inaccurate content that is nonetheless highly persuasive.,BIOSC_3750 General Microbiology,Biology,University of Missouri,Caroline Grunenwald,conditional,0.8174868822097778,0.096869566,0.8174869,0.08564354,16
"Therefore, it is imperative that you carefully read and verify GAI-generated content when incorporating it into your learning experience.",BIOSC_3750 General Microbiology,Biology,University of Missouri,Caroline Grunenwald,conditional,0.5228860974311829,0.07559091,0.5228861,0.40152302,19
"While GAI can be used to enhance your work, inappropriate and/or unethical use of GAI can negatively impact your education and professional development.",BIOSC_3750 General Microbiology,Biology,University of Missouri,Caroline Grunenwald,conditional,0.5609089732170105,0.33178535,0.560909,0.10730568,23
"In case of new developments in AI ethics or technology during the semester, the instructor reserves the right to amend this policy to protect academic integrity and ethical standards.",BIOSC_3750 General Microbiology,Biology,University of Missouri,Caroline Grunenwald,conditional,0.45562171936035156,0.4141617,0.45562172,0.13021655,29
"AI may be used to help refine or enhance your work, but only after you have actively engaged with the material yourself.",BI1151 Elements of Microbiology,Biology,Fairfield University,Christine Rodriguez,conditional,0.8806072473526001,0.06265686,0.88060725,0.05673588,22
"* Research and Citation: When using AI to research topics, you must cite any information obtained from AI sources, just as you would with books, articles, or websites.",BIOL110 Introduction to Biology,Biology,College of Marin,Wendy St. John,conditional,0.8553591370582581,0.053834833,0.85535914,0.090806,28
Note: AI can sometimes produce factual errors.,BIOL110 Introduction to Biology,Biology,College of Marin,Wendy St. John,conditional,0.5079839825630188,0.39611652,0.507984,0.09589946,7
"Accuracy of Information and Verification: While AI tools are powerful, they are not infallible.",Analytics and Information Management courses,Business,Western New England University,"David M DiSabito Jr, MBA",conditional,0.7334253191947937,0.16667332,0.7334253,0.099901356,14
Students are expected to cross-verify the information obtained from AI tools with other reliable sources and cite these verifying sources in their work.,Analytics and Information Management courses,Business,Western New England University,"David M DiSabito Jr, MBA",conditional,0.5034093260765076,0.0392324,0.5034093,0.4573583,23
Limitations of Use: The use of AI tools for assignments should be limited to research and understanding of concepts.,Analytics and Information Management courses,Business,Western New England University,"David M DiSabito Jr, MBA",conditional,0.7705005407333374,0.16623278,0.77050054,0.06326672,19
"Instructor's Discretion: Instructors may restrict or specify the use of AI tools for their courses as they see fit, in accordance with the overarching University and College of Business policies.",Analytics and Information Management courses,Business,Western New England University,"David M DiSabito Jr, MBA",conditional,0.54503333568573,0.36079848,0.54503334,0.09416816,30
Students are responsible for understanding and complying with the privacy policies of the AI tools they use.,Analytics and Information Management courses,Business,Western New England University,"David M DiSabito Jr, MBA",conditional,0.4632101058959961,0.33188823,0.4632101,0.20490167,17
Always exercise caution and avoid sharing sensitive personal information with AI tools.,Analytics and Information Management courses,Business,Western New England University,"David M DiSabito Jr, MBA",conditional,0.5024545788764954,0.31673408,0.5024546,0.18081135,12
•        Undisclosed use of AI tools in assignments may require academic review to ensure fair assessment of your work.,Analytics and Information Management courses,Business,Western New England University,"David M DiSabito Jr, MBA",conditional,0.5436789393424988,0.42418087,0.54367894,0.032140207,19
"•        Various methods may be used to verify adherence to this policy, including AI detection tools, as part of our regular assessment process.",Analytics and Information Management courses,Business,Western New England University,"David M DiSabito Jr, MBA",conditional,0.49304503202438354,0.30185306,0.49304503,0.20510195,23
Human oversight will be maintained in the assessment process.,Analytics and Information Management courses,Business,Western New England University,"David M DiSabito Jr, MBA",conditional,0.5086190700531006,0.27257288,0.50861907,0.21880805,9
"Only AI systems with zero data retention policies may be used for assessment purposes, ensuring the protection of student data and work.",Analytics and Information Management courses,Business,Western New England University,"David M DiSabito Jr, MBA",conditional,0.6865167021751404,0.26294968,0.6865167,0.050533626,22
Students retain their intellectual property rights to their original work.,Analytics and Information Management courses,Business,Western New England University,"David M DiSabito Jr, MBA",conditional,0.4161566197872162,0.17434025,0.41615662,0.40950313,10
"You hold the responsibility to assess the integrity and impartiality of your submissions, ensuring they remain unbiased.",ChatGPT for Business (MBA590),Business,State University of New York - Oswego,Mohammad Tajvarpour,conditional,0.6988623738288879,0.15299903,0.6988624,0.1481386,17
"It is important to recognize that AI has inherent limitations, and human supervision is necessary to verify the quality and appropriateness of the output.",ChatGPT for Business (MBA590),Business,State University of New York - Oswego,Mohammad Tajvarpour,conditional,0.8787736296653748,0.08821946,0.8787736,0.033006884,24
"Thus, exercising responsible AI usage requires human oversight and verification.",ChatGPT for Business (MBA590),Business,State University of New York - Oswego,Mohammad Tajvarpour,conditional,0.632108211517334,0.20724557,0.6321082,0.16064623,10
This entails a careful review to confirm the accuracy and suitability of the AI-generated content before submission.,ChatGPT for Business (MBA590),Business,State University of New York - Oswego,Mohammad Tajvarpour,conditional,0.7863488793373108,0.170105,0.7863489,0.0435461,17
"Use of generative AI tools only with prior permission: 
Students are allowed to use Generative AI tools to gather information for internal analysis, external analysis, examples for strategies, definitions, functional strategy examples.",J401: Administrative Policy,Business,Indiana University,Aycan Kara,conditional,0.6396317481994629,0.22059192,0.63963175,0.13977629,32
"""The use of AI in this course is permitted, with disclosure.",MGT 6253 - Leadership & Executive Development,Business,George Washington University,John Frechette,conditional,0.5341278314590454,0.24747762,0.53412783,0.21839452,11
"I also rarely if ever use AI tools to evaluate an entire writing deliverable in one query – instead, I ask for grammar and conciseness improvements paragraph-by-paragraph, or even sentence-by-sentence.",MGT 6253 - Leadership & Executive Development,Business,George Washington University,John Frechette,conditional,0.5073354244232178,0.31660038,0.5073354,0.17606421,30
"From a research perspective – as with any data source or input, do not ever rely solely on the outputs of an AI model!",MGT 6253 - Leadership & Executive Development,Business,George Washington University,John Frechette,conditional,0.7592663764953613,0.19330719,0.7592664,0.047426436,24
"Check every data point and concept against other sources (e.g., academic papers, credible news articles).",MGT 6253 - Leadership & Executive Development,Business,George Washington University,John Frechette,conditional,0.7211246490478516,0.07616547,0.72112465,0.20270987,15
"AI Caution: Even when permitted, using AI can be risky.",COM 120 Interpersonal Communication,Communication,Wake Technical Community College,Kate C Jones,conditional,0.5941187143325806,0.27446932,0.5941187,0.13141198,10
"AI sometimes makes up information it cannot ﬁnd, for example, incorrect citations or page numbers.",COM 120 Interpersonal Communication,Communication,Wake Technical Community College,Kate C Jones,conditional,0.5315131545066833,0.30860975,0.53151315,0.15987709,15
"Get ideas for résumé bullets or cover letters based on sharing a job description– Use AI for a rough draft, but you must rewrite it to reflect your real experience.",COMM 303: Business and Professional Communication,Communications,Western Virginia University,April Wright,conditional,0.7662538886070251,0.18889019,0.7662539,0.04485592,30
"Draft LinkedIn summaries or job descriptions based on a prompt that tells the AI about you – Use AI to get started, but revise it to sound natural and personal.",COMM 303: Business and Professional Communication,Communications,Western Virginia University,April Wright,conditional,0.553375780582428,0.29174057,0.5533758,0.15488367,30
"Ask for feedback or edits – Let AI help with suggestions, but you make the final changes.
👍",COMM 303: Business and Professional Communication,Communications,Western Virginia University,April Wright,conditional,0.5028026103973389,0.3801409,0.5028026,0.11705652,18
"It’s okay to let AI help you think, but the final words should be your own.",COMM 303: Business and Professional Communication,Communications,Western Virginia University,April Wright,conditional,0.5742147564888,0.1097159,0.57421476,0.3160693,16
Always double-check sources and details.,COMM 303: Business and Professional Communication,Communications,Western Virginia University,April Wright,conditional,0.7128596305847168,0.12900493,0.71285963,0.15813544,5
"However, the work created by an LLM must never be used as a substitution for your own work, and they should never be part of your final, submitted essay - either on a test or a formal essay.",ENGL 1102: Composition 2,Composition,Georgia State University,Jennifer Duncan,conditional,0.5837233662605286,0.39487022,0.58372337,0.021406425,38
"2. LLMs may be used as a tool to aid in the writing process, not as a replacement for critical thinking and original writing.",ENGL 1102: Composition 2,Composition,Georgia State University,Jennifer Duncan,conditional,0.7587283253669739,0.1461162,0.7587283,0.095155545,24
"You must always be able to articulate and defend your ideas presented in their assignments, regardless of whether they used an LLM.",ENGL 1102: Composition 2,Composition,Georgia State University,Jennifer Duncan,conditional,0.5589541792869568,0.26045907,0.5589542,0.18058676,22
"While AI may be permitted at times, other forms of plagiarism, such as copying and pasting from unattributed sources, are strictly prohibited and will result in academic penalties.",ENGL 1102: Composition 2,Composition,Georgia State University,Jennifer Duncan,conditional,0.6122552156448364,0.3635845,0.6122552,0.024160244,28
"AI can produce hallucinations, fake documentation, and ""borrow"" undocumented materials from sources without proper documentation.",ENGL 1102: Composition 2,Composition,Georgia State University,Jennifer Duncan,conditional,0.523735761642456,0.39049083,0.52373576,0.08577338,15
AI is vulnerable to discrimination because it can inadvertently (or intentionally) perpetuate existing biases present in the data it is trained on.,CIS 130 - Productivity Software,Computer Information Systems,Pierce College,Brian Lee,conditional,0.47165369987487793,0.1191083,0.4716537,0.409238,22
"Lack of diversity in the training data: If the training data does not include a diverse range of examples, the AI system may not perform well on diverse inputs, which may lead to discrimination.",CIS 130 - Productivity Software,Computer Information Systems,Pierce College,Brian Lee,conditional,0.6269041299819946,0.22089873,0.62690413,0.15219717,34
"Lack of transparency: Some AI systems can be difficult to understand and interpret, making it challenging to detect and correct for biases.",CIS 130 - Productivity Software,Computer Information Systems,Pierce College,Brian Lee,conditional,0.3790172338485718,0.29928908,0.37901723,0.32169366,22
"Your very human judgement needs to curate, edit and iterate with the data you get from an AI system.",CIS 130 - Productivity Software,Computer Information Systems,Pierce College,Brian Lee,conditional,0.43292707204818726,0.20259053,0.43292707,0.36448234,19
"A cookie cutter answer directly from an AI system may look great, comprehensive, and well written, but AI answers are based on crowdsourced logic.",CIS 130 - Productivity Software,Computer Information Systems,Pierce College,Brian Lee,conditional,0.8348485231399536,0.094411775,0.8348485,0.07073968,24
"Students shall
Give credit to AI tools whenever used, even if only to generate ideas rather than usable text or illustrations.",Computing & Data Sciences,Computer Science,Boston University,More Details,conditional,0.6625463962554932,0.311,0.6625464,0.026453612,21
"Use a lower baseline for students who declare use of AI tools, depending on how extensive the usage, while rewarding creativity, critical nuance, and the correction of inaccuracies or superficial interpretations in response to suggestions made by AI tools.",Computing & Data Sciences,Computer Science,Boston University,More Details,conditional,0.6339051127433777,0.31304216,0.6339051,0.053052716,39
Some instructors may prefer stronger restrictions on the use of AI tools and they are free to impose them so long as care is taken to maintain transparency and fairness in grading.,Computing & Data Sciences,Computer Science,Boston University,More Details,conditional,0.41639626026153564,0.24604996,0.41639626,0.33755377,32
"In these cases, it might be trivial to get the correct answer from GenAI, but I believe that true intellectual growth is possible only if you work through the difficult problem and discover the answer for yourself, and not from just reading a pre-generated answer.",COSC 426: Natural Langauge Processing,Computer Science,Colgate University,Grusha Prasad,conditional,0.6740228533744812,0.08070803,0.67402285,0.24526912,45
Assignments that are in large part quoted from an AI assistant are very unlikely to be evaluated positively.,CS 601.471/671 NLP: Self-supervised Models  ,Computer Sciences,Johns Hopkins University,"Daniel Khashabi
More information here.",conditional,0.6830695271492004,0.2641789,0.6830695,0.05275159,18
"In addition, if a student's work is substantially identical to another student's work, that will be grounds for an investigation of plagiarism regardless of whether the prose was produced by an AI assistant.",CS 601.471/671 NLP: Self-supervised Models  ,Computer Sciences,Johns Hopkins University,"Daniel Khashabi
More information here.",conditional,0.4930739402770996,0.42619717,0.49307394,0.08072887,33
"It is your job to ensure all AI information used is accurate, properly sourced and cited, reliable, and valid.",Criminal Justice Policy; Police & Society,Criminal Justice,"California State University, Fullerton","Christie Gardiner
",conditional,0.7220503687858582,0.14559235,0.72205037,0.13235731,19
Treat AI outputs like information from an unknown source – verify facts using credible academic or professional sources.,Criminal Justice Policy; Police & Society,Criminal Justice,"California State University, Fullerton","Christie Gardiner
",conditional,0.9046488404273987,0.07687661,0.90464884,0.01847453,18
Assume the output is incorrect unless you check the claims with reliable sources.,Judaism; Jewish Language in the 21st Century,Cultural Studies,University of Southern California (and Hebrew Union College),Sarah Bunin Benor,conditional,0.7422034740447998,0.21905248,0.7422035,0.03874404,13
Bias: Their output may reflect bias because the data they are trained on may reflect bias or may not include sufficient data from certain groups.,Judaism; Jewish Language in the 21st Century,Cultural Studies,University of Southern California (and Hebrew Union College),Sarah Bunin Benor,conditional,0.804280161857605,0.16287374,0.80428016,0.032846075,25
You should be able to use generative AIs but only to use to help with finding sources or to correct spelling and grammar for an assignment.,Cyber Security Policy and Law,Cybersecurity,Rochester Institute of Technology,Amrit Sinha,conditional,0.6301108002662659,0.328731,0.6301108,0.041158155,26
"When using generative AI, please make sure to:
Validate the accuracy of any AI-generated content with at least one reliable reference, because generative AI can produce questionable and biased results, including misinformation and “hallucinations”.",Cybersecurity,Cybersecurity,The University of Texas at San Antonio,Rita Mitra,conditional,0.8461155891418457,0.13309404,0.8461156,0.020790376,34
Include any limitations of and/or concerns about content you have curated from generative AI.,Cybersecurity,Cybersecurity,The University of Texas at San Antonio,Rita Mitra,conditional,0.5338939428329468,0.42187396,0.53389394,0.044232115,14
"AI may be used for research purposes, but not for text generation.",ECO 2013,Economics,Miami Dade College,Francisco Larios,conditional,0.7292370200157166,0.12682448,0.729237,0.14393853,12
"However, mere reliance on AI without the ability to critically analyze, write, and discern high-quality work will not suffice for long-term success in the workplace.",ECON 225 Economic Development and Growth,Economics,Kalamazoo College,Patrik Hultberg,conditional,0.710502564907074,0.123414434,0.71050256,0.16608307,25
"Disclosure of AI Usage: Any use of AI tools in the completion of assignments, projects, or other coursework must be explicitly disclosed.",ECON 225 Economic Development and Growth,Economics,Kalamazoo College,Patrik Hultberg,conditional,0.47321704030036926,0.4434487,0.47321704,0.083334275,22
"Manual Transcription of AI-Generated Text: To ensure that students engage with and critically evaluate AI-generated content, any text generated by AI tools must be manually typed into the final document by the student.",ECON 225 Economic Development and Growth,Economics,Kalamazoo College,Patrik Hultberg,conditional,0.7001445293426514,0.25447816,0.7001445,0.04537729,33
"We regard false representation of our scholarly work as unacceptable because it undermines our integrity and that of the community."""" Evaluation of student work will consider not only proper use and acknowledgment of AI tools, but also demonstration of critical thinking, originality, and ability to produce high-quality academic work independently of AI assistance.",ECON 225 Economic Development and Growth,Economics,Kalamazoo College,Patrik Hultberg,conditional,0.5208333134651184,0.40617973,0.5208333,0.07298693,53
"If any part of this is confusing or uncertain, please reach out to me for a conversation before submitting your work.",Digital Interventions - AI & Education ,Education,College Unbound,"Lance Eaton
@leaton01 (Twitter)
LinkedIn
 
CU’s Institutional Strategy for AI Generative Tools",conditional,0.4826642572879791,0.382707,0.48266426,0.1346288,21
"AI tools are powerful aids in academic work, but they have limitations that must be understood to use effectively and responsibly.",INSTRUCTIONAL METHODS FOR THE MIDDLE AND HIGH SCHOOL ,Education,Warner Pacific University,"ANDREW TORRIS, ED.D.",conditional,0.6771438121795654,0.09334271,0.6771438,0.22951353,21
AI lacks human judgment and relies heavily on input data and may inadvertently perpetuate biases.,INSTRUCTIONAL METHODS FOR THE MIDDLE AND HIGH SCHOOL ,Education,Warner Pacific University,"ANDREW TORRIS, ED.D.",conditional,0.8122850060462952,0.091198795,0.812285,0.096516214,15
"While AI can assist, it cannot replicate the nuanced guidance of a human instructor and cannot be used as a replacement for personal effort and critical thinking.",INSTRUCTIONAL METHODS FOR THE MIDDLE AND HIGH SCHOOL ,Education,Warner Pacific University,"ANDREW TORRIS, ED.D.",conditional,0.7995202541351318,0.1411155,0.79952025,0.0593643,27
"Students should consider AI a tool for enhancement and refinement, but the essence of the work must come from their intellectual effort.",INSTRUCTIONAL METHODS FOR THE MIDDLE AND HIGH SCHOOL ,Education,Warner Pacific University,"ANDREW TORRIS, ED.D.",conditional,0.47976958751678467,0.06659766,0.4797696,0.4536327,22
"All sources, including AI tools, must be properly cited within the text and included in the bibliography.",INSTRUCTIONAL METHODS FOR THE MIDDLE AND HIGH SCHOOL ,Education,Warner Pacific University,"ANDREW TORRIS, ED.D.",conditional,0.7980744242668152,0.12195856,0.7980744,0.07996709,17
"Authenticity: Students should use AI tools to augment their understanding and generate ideas, while ensuring that the final work reflects their own analysis, synthesis, and originality.",INSTRUCTIONAL METHODS FOR THE MIDDLE AND HIGH SCHOOL ,Education,Warner Pacific University,"ANDREW TORRIS, ED.D.",conditional,0.7616783976554871,0.049492404,0.7616784,0.18882914,26
"c)        Critical Evaluation: Students must critically evaluate the output of AI tools, considering potential biases and limitations, and corroborate information obtained from AI tools with other credible sources.",INSTRUCTIONAL METHODS FOR THE MIDDLE AND HIGH SCHOOL ,Education,Warner Pacific University,"ANDREW TORRIS, ED.D.",conditional,0.9453790187835693,0.03656272,0.945379,0.018058315,28
Direct quotes or paraphrased content generated by AI tools should be treated as any other source and attributed correctly.,INSTRUCTIONAL METHODS FOR THE MIDDLE AND HIGH SCHOOL ,Education,Warner Pacific University,"ANDREW TORRIS, ED.D.",conditional,0.8734809756278992,0.09257173,0.873481,0.033947337,19
Text directly copied from AI sites must be treated as any other direct quote and properly cited.,INSTRUCTIONAL METHODS FOR THE MIDDLE AND HIGH SCHOOL ,Education,Warner Pacific University,"ANDREW TORRIS, ED.D.",conditional,0.565207839012146,0.31015512,0.56520784,0.12463699,17
"However, students must review and incorporate these suggestions to align with their voices and maintain their original work's integrity.",INSTRUCTIONAL METHODS FOR THE MIDDLE AND HIGH SCHOOL ,Education,Warner Pacific University,"ANDREW TORRIS, ED.D.",conditional,0.8744352459907532,0.10883121,0.87443525,0.016733551,19
It is essential that students critically evaluate and corroborate the information obtained from AI tools before incorporating it into their assignments while also providing appropriate citations.,INSTRUCTIONAL METHODS FOR THE MIDDLE AND HIGH SCHOOL ,Education,Warner Pacific University,"ANDREW TORRIS, ED.D.",conditional,0.5329740643501282,0.039186,0.53297406,0.4278399,26
"Embracing the AI tool full on will help you to quickly generate text, but the quality of the output may end up being incorrect or of poor quality.",E155: Microprocessor-based Systems,Electrical Engineering,Harvey Mudd College,Josh Brake,conditional,0.551224410533905,0.3821128,0.5512244,0.06666275,28
"Using AI for phrasing or structure is acceptable, but the core ideas must be original.",BIOM 1720 Intro to Biomedical Engineering Tools,Engineering,University of Memphis,Stephen Strain,conditional,0.7805708646774292,0.18902472,0.78057086,0.03040436,15
"Ethical AI Usage: When using AI for topics related to healthcare and biomedical engineering, ensure the data and methods you employ adhere to privacy laws and ethical considerations.",BIOM 1720 Intro to Biomedical Engineering Tools,Engineering,University of Memphis,Stephen Strain,conditional,0.5545380115509033,0.24727911,0.554538,0.19818288,28
"2. Data Integrity: When using AI for data generation or simulation, clearly state the limitations and potential biases of the model in your report.",BIOM 1720 Intro to Biomedical Engineering Tools,Engineering,University of Memphis,Stephen Strain,conditional,0.6608685851097107,0.24461807,0.6608686,0.09451332,24
4. Quality Control: Ensure that information generated by AI is factually accurate and scientifically valid.,BIOM 1720 Intro to Biomedical Engineering Tools,Engineering,University of Memphis,Stephen Strain,conditional,0.754247784614563,0.13151586,0.7542478,0.11423632,15
"5. Consultation and Approval: For substantial use of AI in a project or paper, obtain approval from the instructor to ensure it aligns with course objectives and ethics.",BIOM 1720 Intro to Biomedical Engineering Tools,Engineering,University of Memphis,Stephen Strain,conditional,0.7986090183258057,0.16291429,0.798609,0.038476765,28
"In case of new developments in AI ethics or technology during the semester, the instructor reserves the right to amend this policy to protect academic integrity and ethical standards.",BIOM 1720 Intro to Biomedical Engineering Tools,Engineering,University of Memphis,Stephen Strain,conditional,0.4556221663951874,0.41416132,0.45562217,0.13021651,29
• Clearly state that the image(s)/video(s) were generated using AI with the platform referenced.,Innovation Design Engineering ,Engineering,Imperial / RCA ,Elena Dieckmann,conditional,0.391451895236969,0.33549887,0.3914519,0.27304924,14
"• Please be aware that any text uploaded on the platforms will feed into training data, hence it may account for a publication of your work.",Innovation Design Engineering ,Engineering,Imperial / RCA ,Elena Dieckmann,conditional,0.5921594500541687,0.32616538,0.59215945,0.081675194,26
Students should acknowledge the use of generative AI (other than incidental use) and default to disclosing such assistance when in doubt.,ESRM 462: Coastal and Marine Management,Enviromental Science,California State University Channel Islands,Sean Anderson,conditional,0.6173855066299438,0.33503887,0.6173855,0.047575656,21
"Additionally, AI models are limited by the material on which they are trained.",Ocean Justice,Enviromental Science,Duke University,Emily Melvin,conditional,0.7000887989997864,0.11488704,0.7000888,0.18502413,13
"In this course, you may not use AI to summarize course material or in preparing your analyses, reflections, or ideas responding to that material.",Ocean Justice,Enviromental Science,Duke University,Emily Melvin,conditional,0.6031371355056763,0.3209689,0.60313714,0.07589395,24
"Because writing and presenting are important skills that support critical engagement and help you develop your ideas, you may not rely on AI to generate written drafts or prepare your final presentation materials.",Ocean Justice,Enviromental Science,Duke University,Emily Melvin,conditional,0.5451430678367615,0.18121141,0.54514307,0.2736455,33
"In all cases, you are responsible for critically evaluating responses generated by AI for accuracy.",Ocean Justice,Enviromental Science,Duke University,Emily Melvin,conditional,0.47988805174827576,0.156675,0.47988805,0.363437,15
"In the academic context, AI often returns incorrect information, including citing sources that do not exist.",Ocean Justice,Enviromental Science,Duke University,Emily Melvin,conditional,0.7404345273971558,0.16091524,0.7404345,0.09865023,16
"Moreover, AI cannot understand complex nuances, and it may suggest edits that change the intended meaning of your work.",Ocean Justice,Enviromental Science,Duke University,Emily Melvin,conditional,0.5268819332122803,0.3797584,0.52688193,0.09335974,19
"Finally, if you rely on AI in preparing written materials, you should cite it as you would any other source.",Ocean Justice,Enviromental Science,Duke University,Emily Melvin,conditional,0.8563098311424255,0.04924933,0.85630983,0.09444087,20
Students must understand that passing off AI-generated content as their own without proper citation is considered plagiarism and will be subject to academic penalties.,Finance 101 - Money and Banking,Finance,Santa Barbara Community College,Michael Novotny,conditional,0.5185611248016357,0.44812596,0.5185611,0.033312935,24
"Citation and Ethical Incorporation of AI Content:

When AI-generated content is allowed, students must cite it appropriately, clearly indicating which parts of their submission are AI-assisted.",Finance 101 - Money and Banking,Finance,Santa Barbara Community College,Michael Novotny,conditional,0.5499849915504456,0.36083227,0.549985,0.08918267,26
This approach is essential for maintaining a balance between the use of technological assistance and the student's original analysis and insights.,Finance 101 - Money and Banking,Finance,Santa Barbara Community College,Michael Novotny,conditional,0.5202260613441467,0.04712717,0.52022606,0.4326468,21
Misrepresentation: Presenting AI-generated ideas or analysis as your own is considered academic dishonesty.,Financial Accounting,Finance,Fresno City College,"Monique Kelley

TikTok @LearnAccountingToday
",conditional,0.491662859916687,0.47391933,0.49166286,0.03441778,13
"Limitations of AI & Your Responsibilities
It is important to recognize that AI has inherent limitations, and responsible AI usage requires human oversight and verification.",Financial Accounting (ACC 010),Finance,West Valley College,Teresa Thompson,conditional,0.5393929481506348,0.3293749,0.53939295,0.13123214,25
Please take into consideration when using generative AI tools: they are typically trained on datasets that may be outdated and can include copyrighted material.,COLA 1500 - College Advising Seminar,First Year Seminar,University of Virginia,Jelena Samonina,conditional,0.5412323474884033,0.41284803,0.54123235,0.04591962,24
"Furthermore, generative AI tools aim to simulate human-like content creation rather than ensuring accuracy or reliability.",COLA 1500 - College Advising Seminar,First Year Seminar,University of Virginia,Jelena Samonina,conditional,0.7186288833618164,0.14706366,0.7186289,0.13430743,16
"Therefore, it remains your responsibility, not the tool's, to ensure the quality, integrity, and accuracy of any work submitted for this course.",COLA 1500 - College Advising Seminar,First Year Seminar,University of Virginia,Jelena Samonina,conditional,0.6300219893455505,0.31171927,0.630022,0.0582587,22
"Importantly, this does not mean you are free to use AI whenever you wish, or that you can use it if you don’t think it will be harmful.",First Year Seminar on Sexual Ethics,First Year Seminar,Wake Forest University,Betsy Barre,conditional,0.4983763098716736,0.42095035,0.4983763,0.080673285,28
This means you may not use AI summaries or explanations as a replacement for doing the actual reading.,First Year Seminar on Sexual Ethics,First Year Seminar,Wake Forest University,Betsy Barre,conditional,0.5361989736557007,0.30434427,0.536199,0.15945679,18
"AI may be a useful pre- or post-reading aid, but understanding the substance of the text is not the same as understanding how to read that text.",First Year Seminar on Sexual Ethics,First Year Seminar,Wake Forest University,Betsy Barre,conditional,0.8367137908935547,0.07249485,0.8367138,0.090791404,27
"To this end, every paper should have two features indicating our reliance on outside sources:

The first should be in-text parenthetical citation paired with a Works Cited list (in APA or MLA style); or Footnotes/Endnotes and Bibliography (in Chicago Style) with the authors, titles, publishers, dates, and URLs (if appropriate) of each source.",First Year Writing,First Year Seminar,Regis University,Loretta Notareschi,conditional,0.5743011832237244,0.31873462,0.5743012,0.1069642,53
"There are multiple reasons: first, this would be considered plagiarism (which means presenting others’ words as if they were our own); second, AI engines are notoriously unreliable on facts—anything they assert must be checked against reliable sources; third, AI engines reproduce biases and prejudices from their source material—it is incumbent on us to check and correct for bias; and finally, using AI to generate text may rob us of the chance to develop our own thinking on a subject.",First Year Writing,First Year Seminar,Regis University,Loretta Notareschi,conditional,0.5763037204742432,0.38159215,0.5763037,0.042104155,79
"Third, generative AI tools can be used to enhance your learning (if you know how), or they can hinder your learning if you misuse them to bypass critical thinking tasks that you need to engage in.",First-Year Seminar: The Power of Metacognition: Learning to Learn,First Year Seminar,University of Massachusetts Amherst,Kirsten Helmer,conditional,0.4835931062698364,0.14161211,0.4835931,0.37479475,36
"It is derived from previously created texts from other sources that the models were trained on, yet doesn't cite sources.",INT 111:  Common First Year Seminar:  How Do We Know What We Know?,First Year Seminar,Cornell College,Craig Teague,conditional,0.6078753471374512,0.23508424,0.60787535,0.1570404,20
"--AI models have built-in biases (i.e., they are trained on limited underlying sources; they reproduce, rather than challenge, errors in the sources)
--AI tools have limitations (i.e., they lack critical thinking to evaluate and reflect on criteria; they lack abductive reasoning to make judgments with incomplete information at hand; they make up or use inaccurate information and may “hallucinate” sources that do not exist)",INT 111:  Common First Year Seminar:  How Do We Know What We Know?,First Year Seminar,Cornell College,Craig Teague,conditional,0.6905355453491211,0.27269682,0.69053555,0.036767595,64
"If you choose to use generative AI tools, remember that they are typically trained on limited datasets that may be out of date.",New Student Experience,First Year Seminar,Montclair State University,Emily Isaacs,conditional,0.68190598487854,0.2123455,0.681906,0.1057486,23
"What's more, they may hallucinate -- that is to say, they may present output that contains incorrect information, falsehoods, and biases.",New Student Experience,First Year Seminar,Montclair State University,Emily Isaacs,conditional,0.5990664958953857,0.22619723,0.5990665,0.17473626,21
"Generative Text engines such as ChatGPT should be used as a tool to help better communicate the information one is presenting, but should not be the entirety of it.",UNIV 112 (Focused Inquiry),First Year Seminar,Virginia Commonwealth University,Bradyn Barr,conditional,0.7893325686454773,0.11399377,0.78933257,0.096673734,29
"It is therefore essential for you to do the work on your own, without help from AI or from any other resources not permitted by your professor.","UNIV 200 Advanced Focused Inquiry: Literacies, Research and Communication",First Year Seminar,Virginia Commonwealth University,Meriah Crawford,conditional,0.5137896537780762,0.44266945,0.51378965,0.04354091,27
AI also confidently invents sources and quotations without noting that they aren’t real.,"UNIV 200 Advanced Focused Inquiry: Literacies, Research and Communication",First Year Seminar,Virginia Commonwealth University,Meriah Crawford,conditional,0.5103569030761719,0.44448748,0.5103569,0.04515566,13
"However, it is important to note that the use of AI should be supplementary and should not replace the development of essential cognitive skills.",GEO 395: Geography of Michigan ,Geography,Central Michigan University,"Gabrielle Likavec

@gabsdarlin 

(Note: this was created with students in Spring 2023, using referenced LLM with edits from our input)",conditional,0.640346884727478,0.11492585,0.6403469,0.24472731,24
"•	Final Inquiry Project:  AI use may be appropriate in brainstorming, data analysis, and/or editing of written work, however, as above, the content knowledge should come from you.",GEO 395: Geography of Michigan ,Geography,Central Michigan University,"Gabrielle Likavec

@gabsdarlin 

(Note: this was created with students in Spring 2023, using referenced LLM with edits from our input)",conditional,0.8687397837638855,0.10266005,0.8687398,0.028600117,28
"The same standards are in play - you or the AI must cite the copyrighted materials used for the paper, and these (as well as their authors) must be REAL.","Physical Geography, Urban Geography",Geography,San Diego City College,Lisa Chaddock,conditional,0.48559701442718506,0.45502287,0.485597,0.059380088,30
"AI uses previously published work so if you use it without acknowledgement, you are committing plagiarism.",GOVT 108: Introduction to International Relations,Government,St. Lawrence University,Ronnie Olesker,conditional,0.5346419215202332,0.4300751,0.5346419,0.03528297,16
"Cautionary Note on AI Bias: 
AI systems, while powerful, can inherit biases present in data/algorithms, leading to unintended discrimination and skewed outcomes.",GOVT 108: Introduction to International Relations,Government,St. Lawrence University,Ronnie Olesker,conditional,0.4515896737575531,0.24308218,0.45158967,0.30532816,22
o        Always fact-check AI-generated content and verify its accuracy.,Community Health and Wellness,Health,CUNY-LaGuardia Community College,Jasmine Edwards,conditional,0.5228732824325562,0.24874498,0.5228733,0.22838175,9
"The student is responsible for reviewing and approving any wording suggestions from AI, as AI can make things up that sound good but have little or no basis in reality.",CHHS 370 Healthcare Issues,Healthcare,Western Kentucky University,Mary Bennett,conditional,0.6939564347267151,0.27034345,0.69395643,0.035700105,30
"An example of a NON approved use would be to ask AI to generate a paper without writing the draft, or to find reference material or source material, as AI tends to just make stuff up, which is not what you want to base your grade on.",CHHS 370 Healthcare Issues,Healthcare,Western Kentucky University,Mary Bennett,conditional,0.5579137206077576,0.35876063,0.5579137,0.083325684,47
The current AI models will confidently and very persuasively reassert factual errors.,"Liberal Studies core, History (LBST 210, HIST 220)",History,Mercer University,Andrea Winkler,conditional,0.5127952694892883,0.11169798,0.51279527,0.3755067,12
AI will provide material that sounds authoritative and academic.,"Liberal Studies core, History (LBST 210, HIST 220)",History,Mercer University,Andrea Winkler,conditional,0.8088981509208679,0.097701356,0.80889815,0.093400486,9
"In most cases, that material will not provide the level of detail that you can achieve by thoroughly mining your assigned reading.","Liberal Studies core, History (LBST 210, HIST 220)",History,Mercer University,Andrea Winkler,conditional,0.7485666275024414,0.14292365,0.7485666,0.108509794,22
"Although it may sound great, never be satisfied with AI output.","Liberal Studies core, History (LBST 210, HIST 220)",History,Mercer University,Andrea Winkler,conditional,0.4614467918872833,0.2938206,0.4614468,0.2447326,11
"Although it may cite sources, it uses that mass of training material –the work of others -- without permission or acknowledgment.","Liberal Studies core, History (LBST 210, HIST 220)",History,Mercer University,Andrea Winkler,conditional,0.7322059273719788,0.23934954,0.7322059,0.028444568,21
"You may not use entire sentences or paragraphs suggested by an AI content generator without providing quotation marks and a citation, just as you would for any other source.","Liberal Studies core, History (LBST 210, HIST 220)",History,Mercer University,Andrea Winkler,conditional,0.65785151720047,0.32364622,0.6578515,0.018502312,29
You may not rely on generative AI to do your thinking for you.,"Liberal Studies core, History (LBST 210, HIST 220)",History,Mercer University,Andrea Winkler,conditional,0.4547792971134186,0.20996039,0.4547793,0.33526027,13
"Be aware that Mercer does not yet have a blanket policy on AI, so you should always check with each individual professor to see what you may use.","Liberal Studies core, History (LBST 210, HIST 220)",History,Mercer University,Andrea Winkler,conditional,0.670847475528717,0.19483045,0.6708475,0.13432206,28
"However, as with any other resource you use to aid your work in this course, you must acknowledge any and all AI tools that you use in the development of your work.","Modern Russia: culture, politics, & foreign policy",History,Boston College,Erin Baumann,conditional,0.7005684971809387,0.21727543,0.7005685,0.08215606,32
You must also substantially revise any writing or work produced by an AI tool before submitting it for credit in this course.,"Modern Russia: culture, politics, & foreign policy",History,Boston College,Erin Baumann,conditional,0.555793046951294,0.40840432,0.55579305,0.035802655,22
"Second, they are often factually inaccurate, and thus should not be relied on for concrete details.","Rock, Popular Music, and Society",History,SUNY-Stony Brook,"Benjamin Tausig

@burrata.bsky.social",conditional,0.8919076323509216,0.08677343,0.89190763,0.021318985,16
2. Don't believe anything that AI tells you.,U.S. History,History,Berry College,Christy Snider,conditional,0.36948978900909424,0.29022646,0.3694898,0.34028372,8
"Generative AI also derives its output from previously created texts from other sources that the models were trained on, yet doesn't cite sources.",DLHE 7305: Introduction to Digital Learning Environments (doctoral level),Instructional Design,St. Edward's University,"Rebecca Davis - APA instructions on citing Thanks to the models shared through this resource.  I specifically modeled mine on #6 by Holly Fernandez-Lynch, #9 by Spencer Ross and #15 by Maha Bali",conditional,0.5840355753898621,0.23445177,0.5840356,0.18151264,23
You may not submit any work generated by an AI program as your own.,DLHE 7305: Introduction to Digital Learning Environments (doctoral level),Instructional Design,St. Edward's University,"Rebecca Davis - APA instructions on citing Thanks to the models shared through this resource.  I specifically modeled mine on #6 by Holly Fernandez-Lynch, #9 by Spencer Ross and #15 by Maha Bali",conditional,0.49426010251045227,0.47855347,0.4942601,0.027186455,14
"If you include material generated by an AI program, it should be cited like any other reference material (with due consideration for the quality of the reference, which may be poor).",DLHE 7305: Introduction to Digital Learning Environments (doctoral level),Instructional Design,St. Edward's University,"Rebecca Davis - APA instructions on citing Thanks to the models shared through this resource.  I specifically modeled mine on #6 by Holly Fernandez-Lynch, #9 by Spencer Ross and #15 by Maha Bali",conditional,0.8880198001861572,0.08937108,0.8880198,0.022609113,31
"However, you should note that all large language models have a tendency to make up incorrect facts and fake citations, they may perpetuate biases, and image generation models can occasionally come up with offensive products.","Master's Level Library Media, and Digital Learning Program",Instructional Design,Plymouth State University,Pam Harland,conditional,0.5583252310752869,0.3602125,0.55832523,0.08146222,35
"When you use AI as an idea generator, you may not use (meaning, copy – paste) entire sentences or paragraphs of the AI-generated answers.",Building Peace,Interdisciplinary,"Barnard College, Columbia University","Severine Autesserre

Public facing syllabus",conditional,0.49976176023483276,0.4598267,0.49976176,0.040411573,24
"However, AI tools need to be used responsibly and with discernment as they sometimes produce inaccurate, biased, unreliable or non-relevant results.",CORE 2096 Digital Literacies and Intercultural Learning,Interdisciplinary,American University in Cairo,"Maha Bali
@Bali_Maha",conditional,0.9129480123519897,0.065508045,0.912948,0.02154402,21
Any use of AI tools at any stage of the work process must still be acknowledged and cited.,CORE 2096 Digital Literacies and Intercultural Learning,Interdisciplinary,American University in Cairo,"Maha Bali
@Bali_Maha",conditional,0.5804805755615234,0.27843782,0.5804806,0.14108163,18
Please note that what the AI writing tools generate is often inaccurate and you may have to exert effort to create something meaningful out of them.,CORE 2096 Digital Literacies and Intercultural Learning,Interdisciplinary,American University in Cairo,"Maha Bali
@Bali_Maha",conditional,0.76736980676651,0.16394897,0.7673698,0.06868126,26
"When an assignment is about reflecting on your own opinion or experience, please refrain from using AI for the personal elements of it.",CORE 2096 Digital Literacies and Intercultural Learning,Interdisciplinary,American University in Cairo,"Maha Bali
@Bali_Maha",conditional,0.8571922183036804,0.09893664,0.8571922,0.043871123,23
"AI-generated content is not your own creation, both being generated as a result from the training data (created by others) and the algorithm (also created by others).",Introduction to Makerspaces,Interdisciplinary,University of Illinois at Urbana Champaign,,conditional,0.6182873249053955,0.34663722,0.6182873,0.03507543,27
"Currently, you are not able to reliably cite the works from the training data that resulted in your output, and therefore AI-generated content can result in indirectly copying someone else’s work without proper attribution.",Introduction to Makerspaces,Interdisciplinary,University of Illinois at Urbana Champaign,,conditional,0.7039422392845154,0.27579555,0.70394224,0.020262226,34
"AI tools are not perfect and may produce inaccurate, incomplete, or biased information.",Comms,Intro to Human Communication,Lewis University,Samantha Ivetic,conditional,0.7375606894493103,0.2111913,0.7375607,0.051248074,13
You should always verify and evaluate the quality and reliability of the information generated by AI.,Comms,Intro to Human Communication,Lewis University,Samantha Ivetic,conditional,0.8452818393707275,0.07762046,0.84528184,0.07709776,16
"AI can help you improve your skills and knowledge, but it cannot replace your creativity, critical thinking, or judgment.",Comms,Intro to Human Communication,Lewis University,Samantha Ivetic,conditional,0.5413104891777039,0.17824872,0.5413105,0.28044078,19
"Think of AI as you would a research assistant, writing coach, or technical aide: useful for support and feedback, but not a substitute for your own judgment, analysis, or voice.",IHJRN101: Media and Society,Journalism - Multimedia,Keene State College,Mike Wakefield,conditional,0.654086172580719,0.16228205,0.6540862,0.18363173,30
"AI-generated responses should not be considered primary, verifiable sources of information.",IHJRN101: Media and Society,Journalism - Multimedia,Keene State College,Mike Wakefield,conditional,0.8627671003341675,0.118923694,0.8627671,0.018309172,11
"Verification Is Essential: Even when AI tools provide real links or citations, they may:
Fabricate sources
Misinterpret the content or meaning of real sources
Present confident but incorrect claims
You must verify that any cited source actually supports the claim being made.",IHJRN101: Media and Society,Journalism - Multimedia,Keene State College,Mike Wakefield,conditional,0.7189239859580994,0.2648149,0.718924,0.016261121,42
"Simulated Reasoning Does Not Equal Understanding: AI can simulate reasoning and structured analysis, but it does not possess human understanding, intent, ethics, or accountability.",IHJRN101: Media and Society,Journalism - Multimedia,Keene State College,Mike Wakefield,conditional,0.6177623867988586,0.3454469,0.6177624,0.036790676,24
"You - not the AI tool - are responsible for the truth, quality, and consequences of what you submit.",IHJRN101: Media and Society,Journalism - Multimedia,Keene State College,Mike Wakefield,conditional,0.5841814279556274,0.33159786,0.5841814,0.08422076,19
"AI systems often prioritize what appears likely or popular, not what is academically reliable.",IHJRN101: Media and Society,Journalism - Multimedia,Keene State College,Mike Wakefield,conditional,0.8406980037689209,0.050230656,0.840698,0.109071404,14
"I selected all sources independently, verified all claims, and wrote and revised the final draft in my own words.",IHJRN101: Media and Society,Journalism - Multimedia,Keene State College,Mike Wakefield,conditional,0.7584514021873474,0.093394704,0.7584514,0.14815393,19
Students using AI for accessibility support do not need to disclose disability-related reasons for use.,IHJRN101: Media and Society,Journalism - Multimedia,Keene State College,Mike Wakefield,conditional,0.38548925518989563,0.30648914,0.38548926,0.3080216,15
"If you're uncertain about how and when to use AI:
Treat AI as an assistant, not a replacement.",IHJRN101: Media and Society,Journalism - Multimedia,Keene State College,Mike Wakefield,conditional,0.3787693977355957,0.31418562,0.3787694,0.30704495,18
"o	If you paraphrase an output from an AI tool, you must provide a citation (but not necessarily quotation marks), indicating that the idea, format, and syntax were not originally your own.",Advanced Legal Writing,Law,Howard University School of Law,Matthew Bruckner,conditional,0.5474338531494141,0.4264279,0.54743385,0.02613826,32
"o	Failure to do so is in violation of the academic honesty policies because the information derived from these tools is based on previously published materials and is not the product of your own, unaided mind.",Advanced Legal Writing,Law,Howard University School of Law,Matthew Bruckner,conditional,0.6826361417770386,0.29317588,0.68263614,0.024187962,36
"As the author of the paper, you are responsible for checking any text produced or revised by tools like ChatGPT to confirm accuracy and proper citations to supporting resources.",Artificial Intelligence and Legal Reasoning,Law,Northwestern Pritzker School of Law & McCormick School of Engineering,Dan Linna,conditional,0.8318619132041931,0.103704266,0.8318619,0.06443379,29
Blog posts (individual presentations)—generative AI can be used to help generate ideas but the text of the blog post needs to be in your own words.,PUBL363 Cybersecurity Policy and Law,Law,Rochester Institute of Technology,Ben Woelk,conditional,0.7948456406593323,0.10587,0.79484564,0.099284336,26
"Presentations of class materials (group presentations)—you may use generative AI to help organize the structure of your group presentation, but do not ingest the course materials into generative AI.",PUBL363 Cybersecurity Policy and Law,Law,Rochester Institute of Technology,Ben Woelk,conditional,0.6285889744758606,0.30573907,0.628589,0.06567195,29
"In other words, provide generative AI with the topics you want to cover, but don’t provide the actual sources to it.",PUBL363 Cybersecurity Policy and Law,Law,Rochester Institute of Technology,Ben Woelk,conditional,0.6283578872680664,0.0986897,0.6283579,0.27295238,21
"Work created with generative AI will likely lead to a lower grade due to lack of depth,
originality, and attribution.",INFO 619: INFORMATION & HUMAN RIGHTS,Library and Information Science,Pratt Institute - School of Information,Rebecca Williams,conditional,0.5750582218170166,0.37852782,0.5750582,0.04641392,20
"If you use AI, you must trace its claims to sources, cite them, and remain accountable for
the information.",INFO 619: INFORMATION & HUMAN RIGHTS,Library and Information Science,Pratt Institute - School of Information,Rebecca Williams,conditional,0.833381175994873,0.12831773,0.8333812,0.03830118,19
"You may only use generative AI tools on an assignment if it is specified in the instructions, and you must appropriately cite your use of AI tools.",BIOL 4293:  Scientific Communication,Life Sciences,Texas Woman's University,"Ann Davis, Ph.D.",conditional,0.6083965301513672,0.34972513,0.60839653,0.041878294,27
Assume it is wrong unless you cross-check the claims with reliable sources.,Nutritional Sciences,Life Sciences,University of Oklahoma Health Sciences Center,Franklin Hays,conditional,0.8693763613700867,0.09304454,0.86937636,0.037579123,12
The currently AI models will confidently reassert factual errors.,Nutritional Sciences,Life Sciences,University of Oklahoma Health Sciences Center,Franklin Hays,conditional,0.5273343920707703,0.13592577,0.5273344,0.3367398,9
Assume it is wrong unless you cross-check the claims with reliable sources.,Introduction to Critical Theory,Literature,George Washington University,Alexa Alice Joubin,conditional,0.8693763613700867,0.09304454,0.86937636,0.037579123,12
The current AI models will confidently reassert factual errors.,Introduction to Critical Theory,Literature,George Washington University,Alexa Alice Joubin,conditional,0.4988875687122345,0.13528311,0.49888757,0.36582935,9
Assume it is wrong unless you cross-check the claims with reliable sources.,English 2800W Being Human,Literature,George Washington University,Alexa Alice Joubin,conditional,0.8693763613700867,0.09304454,0.86937636,0.037579093,12
The current AI models will confidently reassert factual errors.,English 2800W Being Human,Literature,George Washington University,Alexa Alice Joubin,conditional,0.4988870322704315,0.13528322,0.49888703,0.36582977,9
"However, the work created by an LLM must never be used as a substitution for your own work, and they should never be part of your final, submitted essay - either on a test or a formal essay.",ENGL 2120: British Literature,Literature,Georgia State University,Jennifer Duncan,conditional,0.5837230682373047,0.3948705,0.58372307,0.021406444,38
"2. LLMs may be used as a tool to aid in the writing process, not as a replacement for critical thinking and original writing.",ENGL 2120: British Literature,Literature,Georgia State University,Jennifer Duncan,conditional,0.7587273120880127,0.14611651,0.7587273,0.095156185,24
"You must always be able to articulate and defend your ideas presented in their assignments, regardless of whether they used an LLM.",ENGL 2120: British Literature,Literature,Georgia State University,Jennifer Duncan,conditional,0.5589537024497986,0.2604588,0.5589537,0.1805875,22
"While AI may be permitted at times, other forms of plagiarism, such as copying and pasting from unattributed sources, are strictly prohibited and will result in academic penalties.",ENGL 2120: British Literature,Literature,Georgia State University,Jennifer Duncan,conditional,0.6122552156448364,0.3635845,0.6122552,0.02416025,28
"AI can produce hallucinations, fake documentation, and ""borrow"" undocumented materials from sources without proper documentation.",ENGL 2120: British Literature,Literature,Georgia State University,Jennifer Duncan,conditional,0.5237356424331665,0.39049104,0.52373564,0.08577328,15
"While students may use simple AI, such as built-in features of a word processor like spelling and grammar checks, they are not permitted to utilize Generative AI at any stage of completing work (graded or ungraded) unless explicitly noted in the instructions for a deliverable.",ISTM705: Information Management for Decision Making,Management,Texas A&M University,Michael Scialdone,conditional,0.507783830165863,0.44799188,0.50778383,0.04422426,45
"Guidelines:
Use AI such as ChatGPT as a tool, not a substitute:  The use of AI is meant to be an aid in completing assignments, not a substitute for critical thinking or original work.",MGMT 362  Leadership,Management,University of New Mexico,Nicole Capehart,conditional,0.5261684060096741,0.38748297,0.5261684,0.08634858,34
It must be cited as an outside source and you must include a paragraph that explains what you used the AI for and what prompt(s) you used to get your results.,MGMT 362  Leadership,Management,University of New Mexico,Nicole Capehart,conditional,0.5764461159706116,0.25492474,0.5764461,0.16862915,31
"If the work you submit is written mostly by AI, does not sound like your “voice” or, is otherwise thought to be doing the work for you, you will not receive credit and will be subject to academic misconduct consequences.",MGMT 362  Leadership,Management,University of New Mexico,Nicole Capehart,conditional,0.5680559873580933,0.40955725,0.568056,0.022386737,40
Please use AI wisely and sparingly.,MGMT 362  Leadership,Management,University of New Mexico,Nicole Capehart,conditional,0.5373018383979797,0.36704102,0.53730184,0.095657155,6
"Ensure accuracy: AI is a powerful tool, but it is not infallible.",MGMT 362  Leadership,Management,University of New Mexico,Nicole Capehart,conditional,0.8258107900619507,0.117156155,0.8258108,0.057033047,12
Students are responsible for ensuring the accuracy of any information or responses generated by AI.,MGMT 362  Leadership,Management,University of New Mexico,Nicole Capehart,conditional,0.7509816884994507,0.19666852,0.7509817,0.052349836,15
Avoid plagiarism: Using AI to generate content that is identical or substantially similar to another source without proper attribution constitutes plagiarism.,MGMT 362  Leadership,Management,University of New Mexico,Nicole Capehart,conditional,0.518665075302124,0.45123655,0.5186651,0.030098379,21
Students must ensure that any material generated by AI is properly cited and that any paraphrasing is done in accordance with academic standards.,MGMT 362  Leadership,Management,University of New Mexico,Nicole Capehart,conditional,0.7407888770103455,0.22997732,0.7407889,0.029233811,23
"Assignments should be completed in a way that demonstrates an understanding of the course content and learning objectives, with ChatGPT serving as a tool to aid in that process, not as the main mechanism for completing the assignment.",MGMT 362  Leadership,Management,University of New Mexico,Nicole Capehart,conditional,0.5799920558929443,0.29106936,0.57999206,0.1289386,38
"However, assignments created with AI should not exceed 25% of the work submitted and must identify the AI-generated portions.","CBAD 350, Marketing; MKTG 351, Consumer Market Analysis, MKTG 455, Personal Selling and Sales Management",Marketing,Coastal Carolina University,"Matthew A. Gilbert 
LinkedIn",conditional,0.5328909754753113,0.43593952,0.532891,0.031169502,19
"Importantly, while AI programs like ChatGPT can help with idea generation, they are not immune to inaccuracies and limitations.","CBAD 350, Marketing; MKTG 351, Consumer Market Analysis, MKTG 455, Personal Selling and Sales Management",Marketing,Coastal Carolina University,"Matthew A. Gilbert 
LinkedIn",conditional,0.4004778563976288,0.32229576,0.40047786,0.27722633,19
AI output must be supported and documented with additional research sources such as Google Scholar and UWG Galileo databases.,"Marketing Research, Business Web Design",Marketing,University of West Georgia ,Sunil Hazari,conditional,0.7504972815513611,0.08109897,0.7504973,0.16840376,19
"It is derived from previously created texts from other sources that the models were trained on, yet doesn't cite sources.",Social Media Marketing,Marketing,UMass Lowell,Spencer Ross,conditional,0.6078746914863586,0.23508509,0.6078747,0.15704021,20
"* AI models have built-in biases (ie, they are trained on limited underlying sources; they reproduce, rather than challenge, errors in the sources)",Social Media Marketing,Marketing,UMass Lowell,Spencer Ross,conditional,0.6483290791511536,0.24219014,0.6483291,0.10948081,23
"AI tools have limitations (ie, they lack critical thinking to evaluate and reflect on criteria; they lack abductive reasoning to make judgments with incomplete information at hand)",Social Media Marketing,Marketing,UMass Lowell,Spencer Ross,conditional,0.7416840195655823,0.17866658,0.741684,0.07964935,27
"For my class, a responsible use of AI-based tools in completing coursework or assessments must be done in accordance with the following:

1.",Social Media Marketing,Marketing,UMass Lowell,Spencer Ross,conditional,0.365936815738678,0.33909166,0.36593682,0.2949716,23
"Any work that utilizes AI-based tools must be clearly marked as such, including the specific tool(s) used.",Social Media Marketing,Marketing,UMass Lowell,Spencer Ross,conditional,0.34025144577026367,0.33238602,0.34025145,0.32736254,17
"You must be transparent in how you used the AI-based tool, including what work is your original contribution.",Social Media Marketing,Marketing,UMass Lowell,Spencer Ross,conditional,0.377851277589798,0.28061596,0.37785128,0.34153277,18
"Students can use AI to help with studying, but not to create graded assignments -- except as noted by the instructor.",CBAD 350 Marketing,Marketing,Coastal Carolina University,Matthew Gilbert,conditional,0.6297478675842285,0.29094335,0.62974787,0.0793088,21
Gen AI can be a useful tool but should not replace your personal skillset and your ideas.,"FMS 139W, FMS291, CLTTHY289",Media Studies,UC Irvine,"Catherine Benamou
@luzaccion (Twitter)   ",conditional,0.7682542204856873,0.14527914,0.7682542,0.08646661,17
"I highly discourage the uncritical use of GenAI, which can lead to mistakes and, when used without attribution, can be a violation of academic integrity.","FMS 139W, FMS291, CLTTHY289",Media Studies,UC Irvine,"Catherine Benamou
@luzaccion (Twitter)   ",conditional,0.6663760542869568,0.28056848,0.66637605,0.053055443,25
"Use only with prior permission
Students are allowed to use advanced automated tools (artificial intelligence or machine learning tools such as ChatGPT or Dall-E 2) on assignments in this course if instructor permission is obtained in advance.",Examples provided for all courses,Misc,University of Delaware,Kevin R. Guidry,conditional,0.5722317695617676,0.33597678,0.57223177,0.09179145,37
"Use only with acknowledgement
Students are allowed to use advanced automated tools (artificial intelligence or machine learning tools such as ChatGPT or Dall-E 2) on assignments in this course if that use is properly documented and credited.",Examples provided for all courses,Misc,University of Delaware,Kevin R. Guidry,conditional,0.49636051058769226,0.38382715,0.4963605,0.119812354,37
"Use of generative artificial intelligence in course assessments

It is critical that any work submitted for assessment is your own original work.",Institution level course outline template,Misc,University of Newcastle (Australia),Sam Doherty,conditional,0.7197297215461731,0.10611476,0.7197297,0.1741556,22
"Before using generative AI tools (such as ChatGPT, Perplexity, Microsoft Copilot, etc) in any assessable work you must ensure that such use is in line with the requirements for the course and expectations of your Course Coordinator.",Institution level course outline template,Misc,University of Newcastle (Australia),Sam Doherty,conditional,0.4416276812553406,0.37827262,0.44162768,0.18009973,37
"The following guidelines apply to the use of AI in this course:

•	If utilized, AI should be used to enhance and supplement academic work, not to replace it.",RELE515 - Faith and Flourshing,Misc,Loma Linda University,Zane Yi,conditional,0.4815022051334381,0.21008648,0.4815022,0.30841127,29
"•	Students must properly cite any information obtained from AI.

•	Students must not use AI to obtain answers on assessments.",RELE515 - Faith and Flourshing,Misc,Loma Linda University,Zane Yi,conditional,0.6974193453788757,0.2751237,0.69741935,0.027456962,21
"While AI can provide a wealth of information and insights, it is important to remember that it is a machine and not a human expert.",RELE515 - Faith and Flourshing,Misc,Loma Linda University,Zane Yi,conditional,0.5564330220222473,0.11047667,0.556433,0.33309034,25
"Moreover, academic work involves developing essential skills such as critical thinking, problem-solving, and effective communication, which cannot be fully developed by relying solely on AI.",RELE515 - Faith and Flourshing,Misc,Loma Linda University,Zane Yi,conditional,0.5663983225822449,0.10975038,0.5663983,0.32385126,25
"In conclusion, while AI can be a valuable resource in enhancing academic work, it should be used judiciously as a supplementary tool, rather than a replacement for independent thinking and academic inquiry.",RELE515 - Faith and Flourshing,Misc,Loma Linda University,Zane Yi,conditional,0.747737467288971,0.067089714,0.74773747,0.18517281,32
"However, it is important to exercise discernment and ensure that their usage remains within the boundaries of academic integrity.",Sample Course Policies for Syllabus,Misc,Tidewater Community College,Heather Brown,conditional,0.9039804935455322,0.062394384,0.9039805,0.033625104,19
Remember to appropriately cite and reference any AI-produced content to acknowledge the sources.,Sample Course Policies for Syllabus,Misc,Tidewater Community College,Heather Brown,conditional,0.7340914607048035,0.18545012,0.73409146,0.08045842,13
"In this course, the use of Generative AI is permissible only under specific circumstances, as outlined in the assignment instructions.",Sample Course Policies for Syllabus,Misc,Tidewater Community College,Heather Brown,conditional,0.5073039531707764,0.41146016,0.50730395,0.081235856,20
"When AI tool usage is allowed, exercise caution and ensure that you appropriately cite and attribute any content generated through their use.",Sample Course Policies for Syllabus,Misc,Tidewater Community College,Heather Brown,conditional,0.6417903304100037,0.31410503,0.64179033,0.044104587,22
Fact-check any information you have included from AI.,"History of American Music, Music Appreciation",Music,Centralia College,Beth May,conditional,0.6889932751655579,0.21763404,0.6889933,0.09337271,8
"If permitted by the instructor and you include material generated by an AI program, it should be cited like any other reference material (with due consideration for the quality of the reference, which may be poor).",NUTR SCI 132: Nutrition Today,Nursing,University of Wisconsin-Madison,Naomi Gonzalez,conditional,0.8526174426078796,0.123976864,0.85261744,0.02340566,36
"While generative AI has the potential to enhance clinical practice, it must be used responsibly and ethically, with a strong emphasis on evidence-based practice, patient confidentiality, and patient safety.",Occupational Therapy Fieldwork,Occupational Therapy,MGH Institute of Health Professions,Tara Mansour,conditional,0.8567566275596619,0.06552779,0.8567566,0.077715605,29
"While AI tools can provide innovative solutions and support for clinical decision-making, their use must always be guided by robust scientific evidence and clinical expertise.",Occupational Therapy Fieldwork,Occupational Therapy,MGH Institute of Health Professions,Tara Mansour,conditional,0.8835790753364563,0.036328264,0.8835791,0.08009262,25
It is essential to verify the accuracy and relevance of AI-generated information against established clinical guidelines and peer-reviewed research.,Occupational Therapy Fieldwork,Occupational Therapy,MGH Institute of Health Professions,Tara Mansour,conditional,0.9350534677505493,0.030433804,0.93505347,0.034512717,19
The use of AI should not compromise the trust and confidentiality inherent in the patient-provider relationship.,Occupational Therapy Fieldwork,Occupational Therapy,MGH Institute of Health Professions,Tara Mansour,conditional,0.47673657536506653,0.31191444,0.47673658,0.21134897,16
You should also not rely on Generative AI for researching information.,"PHIL 202, Philosophy of Education",Philosophy,"York College, CUNY",Casandra Silva Sibilin,conditional,0.5078044533729553,0.29187602,0.50780445,0.20031953,11
Their operation relies on the uncredited intellectual work of the authors whose texts are used in their training data.,Philosophy 186B: Later Wittgenstein,Philosophy,"University of California, Berkeley",Hannah Ginsborg,conditional,0.5871163606643677,0.059989892,0.58711636,0.35289374,19
"Because of the lack of transparency with which they operate, in particular their failure to make visible their sources, they are unsuited to academic contexts.",Philosophy 186B: Later Wittgenstein,Philosophy,"University of California, Berkeley",Hannah Ginsborg,conditional,0.40965041518211365,0.35027882,0.40965042,0.2400708,25
"Generating text using AI is sometimes advertised as a way to help formulate your ideas at the beginning of a project, but using it for this purpose is liable to interfere with your own independent thinking and reasoning about the material",Philosophy 186B: Later Wittgenstein,Philosophy,"University of California, Berkeley",Hannah Ginsborg,conditional,0.5832006931304932,0.068007596,0.5832007,0.34879175,41
"Generative AI may not be used for any part of the writing process: generating ideas, creating an outline, writing or revising.",Theory of Meaning,Philosophy,"University of California, Berkeley",John MacFarlane,conditional,0.5319631695747375,0.4229193,0.53196317,0.04511751,21
"Additionally, AI does not discriminate between fact and fiction; information provided by AI can be inaccurate or incomplete.",CHEM 449A - Chemistry Capstone,Physical Sciences,Pacific Lutheran University,Angie Boysen,conditional,0.801590085029602,0.15917505,0.8015901,0.039234843,18
"But you must (a) think, tinker with and edit prompts; (b) check all citations and facts; (c) make sure you think it through yourself, not just based on the text you get from ChatGPT; (d) rethink everything and the order of thoughts, etc.; (e) You can use genAI as a help to polish your texts but be careful: it does not necessarily make them good; you need to learn good prompts to help LLMs to do that job well; you must check the texts afterwards.",United Nations & Globalization,Politics,Columbia University,Daniel Naujok,conditional,0.49129369854927063,0.47170982,0.4912937,0.036996517,85
"Additionally, users should be aware that AI tools rely on predictive models to generate content that may appear correct but is sometimes shown to be incomplete, inaccurate, taken without attribution from other sources, and/or biased.",Cognitive Psychology,Psychology,University of Texas at Tyler,Lauren Kirby,conditional,0.8905661106109619,0.09008868,0.8905661,0.019345205,35
"Consequently, an AI tool should not be considered a substitute for traditional approaches to research.",Cognitive Psychology,Psychology,University of Texas at Tyler,Lauren Kirby,conditional,0.4839319586753845,0.16907957,0.48393196,0.3469885,15
"You may use generative AI in constructive ways when working on your two papers, but you may not ever use it in unconstructive ways (distinction to follow).",Intro to Cognitive Science,Psychology,Lawrence University,Mark Phelan,conditional,0.5142129063606262,0.37058035,0.5142129,0.11520676,27
"And, if you are uncertain, you can always ask me before you proceed—I can’t promise to have an answer, but I’ll be willing to work one out with you!",Intro to Cognitive Science,Psychology,Lawrence University,Mark Phelan,conditional,0.5056029558181763,0.19136256,0.50560296,0.30303445,29
"ACADEMIC HONESTY & ARTIFICIAL INTELLIGENCE (AI) POLICY
AI is a powerful learning tool when used appropriately, but academic integrity demands clear transparency, personal intellectual effort, and responsibility.",PSYC 1100 - Introduction to Psychology,Psychology,Nunez Community College,Francis Migues,conditional,0.5901820659637451,0.3387005,0.59018207,0.07111743,27
"Please note: AI tools can produce inaccurate statements, and the language models on which they are built do not always translate correctly across various contexts.",POS 4932 Honors Public Policy Process,Public Policy,Florida Atlantic University,James Capp,conditional,0.6152587532997131,0.3180202,0.61525875,0.06672105,25
It is the student's responsibility to remain critical of any AI generated content and to ensure that such content is accurate within the context of the assignment.,POS 4932 Honors Public Policy Process,Public Policy,Florida Atlantic University,James Capp,conditional,0.7719672918319702,0.18066254,0.7719673,0.04737015,27
"Although there are some compelling arguments that any use of ChatGPT is unethical, due to its high resource consumption, inherent bias, and theft of intellectual property, I do not prohibit it in this class.",REL 103: Introduction to Religious and Theological Studies,Religious Studies,University of Dayton,Esther Brownsmith,conditional,0.46154671907424927,0.42248553,0.46154672,0.11596773,34
"In short, you simply cannot trust ChatGPT to do your research for you; this is an aspect of your work that you must do yourself.",REL 103: Introduction to Religious and Theological Studies,Religious Studies,University of Dayton,Esther Brownsmith,conditional,0.3798350393772125,0.36539996,0.37983504,0.254765,25
"Additionally, AI platforms such as ChatGPT are notorious for making things up, and it is difficult to ascertain if the information is correct or not.",4th Year Introduction to Research Methods Course,Research,Ontario Tech University,Andrea Kirkwood,conditional,0.6811457276344299,0.1547095,0.6811457,0.16414472,25
b.	AI is vulnerable to discrimination because it can inadvertently (or intentionally) perpetuate existing biases present in the data it is trained on.,Advanced Quantitative Analyses,Research,Clemson University,Ryan Gagnon,conditional,0.6344085335731506,0.1505358,0.63440853,0.21505563,23
"Lack of diversity in the training data: If the training data does not include a diverse range of examples, the AI system may not perform well on diverse inputs, which may lead to discrimination.",Advanced Quantitative Analyses,Research,Clemson University,Ryan Gagnon,conditional,0.626904308795929,0.22089861,0.6269043,0.15219703,34
Writing that is exclusively produced by generative AI from prompts that lack source information or your writing examples is not original work and should only be submitted with proper citation and due reasoning.,AI in Research Optimized Ethically (AIROE),Research,Boise State University,Lorraine Gaudio,conditional,0.7517759799957275,0.23205614,0.751776,0.016167896,33
"Additionally, data used to create generative AI algorithms reflects preexisting societal biases that can lead to the misrepresentation of certain groups.",AI in Research Optimized Ethically (AIROE),Research,Boise State University,Lorraine Gaudio,conditional,0.6313806772232056,0.117027655,0.6313807,0.25159174,21
"Since generative AI uses probability to develop responses, predictions can deviate from real-world facts or expectations.",AI in Research Optimized Ethically (AIROE),Research,Boise State University,Lorraine Gaudio,conditional,0.6831485629081726,0.08552897,0.68314856,0.2313225,16
A person must be responsible for making final decisions about automated processes and accountable for the consequences of using AI in your research project.,AI in Research Optimized Ethically (AIROE),Research,Boise State University,Lorraine Gaudio,conditional,0.3802761733531952,0.35981297,0.38027617,0.25991082,24
You are responsible and accountable for the written content you select to retain in your final research or creative activity product.,AI in Research Optimized Ethically (AIROE),Research,Boise State University,Lorraine Gaudio,conditional,0.6405325531959534,0.2543302,0.64053255,0.10513727,21
"Through proofreading and editing, correctly citing sources of information, and clearly disclosing generative AI use, your research will be safe and ethical.",AI in Research Optimized Ethically (AIROE),Research,Boise State University,Lorraine Gaudio,conditional,0.6175568699836731,0.23813584,0.61755687,0.14430726,22
"Additionally, the use of generative artificial intelligence in scholarly writing risks the so-called “hallucination” of plausible-sounding references that do not actually exist, undermining the scholarly basis for the work.",EDLD 710 Professional as Writer & Researcher,Research,Pacific University,Andrew Longhofer,conditional,0.752663791179657,0.13853832,0.7526638,0.10879785,29
"If the use of generative artificial intelligence is suspected, instructors will check the revision history of documents to verify that the writing was generated iteratively over a period of time realistic for human production, and references will be checked to verify authenticity.",EDLD 710 Professional as Writer & Researcher,Research,Pacific University,Andrew Longhofer,conditional,0.5642719864845276,0.28323373,0.564272,0.15249433,42
"GenAI tools should only aid in structural ideas and refinement, not substituting for independent critical thinking.",Research Critique,Research Methods,Indiana Tech,Heather Y. Z. St. Peters,conditional,0.7408372759819031,0.074690446,0.7408373,0.18447228,16
"To ensure transparency, students must disclose GenAI tool use in assignments, including in-text citations and references.",Research Critique,Research Methods,Indiana Tech,Heather Y. Z. St. Peters,conditional,0.37252336740493774,0.28207913,0.37252337,0.3453975,16
"Students may include GenAI responses as paper appendices to ensure transparency or, at the very least, retain documentation to clarify any potential concerns regarding originality.",Research Critique,Research Methods,Indiana Tech,Heather Y. Z. St. Peters,conditional,0.7676501870155334,0.16968417,0.7676502,0.06266558,25
"Academic Integrity and Verification
Doctoral-level writing requires students to verify the accuracy of all GenAI information by cross-referencing content with credible and scholarly sources.",Research Critique,Research Methods,Indiana Tech,Heather Y. Z. St. Peters,conditional,0.8820653557777405,0.05473628,0.88206536,0.06319837,24
"Include a disclaimer statement at the start of your submission that states which AI tool was used, and for what purpose.",Research Methods,Research Methods,SUNY Albany,Logan Rath,conditional,0.4564147889614105,0.37489656,0.4564148,0.16868871,21
"** **Responsibility of content is still yours**: Please note that Generative AI tools can sometimes produce factually incorrect ❌, biased 😒 or potentially harmful 🚫 outputs.",ENGL 430: UX Research Methods,Research Methods,University of Arizona,Anuj Gupta,conditional,0.4900461435317993,0.47020775,0.49004614,0.039746124,26
"In this course, you can use generative AI in some cases, but there are some restrictions.",Intermediate Quantitative Methods for Politics,Research Methods,New York University,Cyrus Samii,conditional,0.35814031958580017,0.3513621,0.35814032,0.2904976,16
Note that the answers that the AI provides are not always correct!,Intermediate Quantitative Methods for Politics,Research Methods,New York University,Cyrus Samii,conditional,0.4770844876766205,0.35093603,0.4770845,0.17197949,12
"Treat the interaction with the AI the way you would treat an interaction with a smart, but fallible peer.",Intermediate Quantitative Methods for Politics,Research Methods,New York University,Cyrus Samii,conditional,0.36333635449409485,0.28146783,0.36333635,0.35519588,19
"If you are unsure about whether a certain use of AI is appropriate, please ask me.",Intermediate Quantitative Methods for Politics,Research Methods,New York University,Cyrus Samii,conditional,0.4891960620880127,0.1578408,0.48919606,0.35296312,16
(4) Responsible use: that all information obtained through the system is checked against other reliable sources and that no personal or confidential information (their own or others’) is entered into the system when making queries.,Public Policy and Public Administration courses,Social Sciences/Humanities,Universidad de los Andes,Juan David Gutiérrez,conditional,0.6098885536193848,0.36897856,0.60988855,0.021132875,35
"However, you are responsible for ensuring the accuracy, ethics, and proper citation of any information generated from AI tools.",Social Work,Social Work (Masters level),University of Massachusetts Global,Ellen Belluomini,conditional,0.8017241358757019,0.17725712,0.80172414,0.021018708,19
"When using AI for paraphrasing another author’s work, always verify AI-assisted or -generated text, discarding the unnecessary parts, and refining the rest so it meaningfully fits your voice and your work.",Social Work,Social Work (Masters level),University of Massachusetts Global,Ellen Belluomini,conditional,0.7704318165779114,0.19241917,0.7704318,0.03714905,31
"AI cannot mimic your voice or meaning within the context of the assignment, but it can provide you with a foundation of understanding how to paraphrase another author’s work.",Social Work,Social Work (Masters level),University of Massachusetts Global,Ellen Belluomini,conditional,0.8516764640808105,0.080949254,0.85167646,0.06737431,29
AI must be cited next to the author of the original works when using the paraphrasing function.,Social Work,Social Work (Masters level),University of Massachusetts Global,Ellen Belluomini,conditional,0.6636606454849243,0.19015367,0.66366065,0.14618574,17
"This raises concerns about how this data is used and protected, as well as the potential for misuse or unauthorized access.",Social Work,Social Work (Masters level),University of Massachusetts Global,Ellen Belluomini,conditional,0.4076049327850342,0.2520085,0.40760493,0.34038657,21
"If the feedback provided by students or instructors is biased or incorrect, the AI model may perpetuate that bias or make inaccurate predictions based on faulty information.",Social Work,Social Work (Masters level),University of Massachusetts Global,Ellen Belluomini,conditional,0.7904543280601501,0.097579785,0.7904543,0.11196584,27
Lack of training data: AI models require large amounts of high-quality training data to learn and make accurate predictions.,Social Work,Social Work (Masters level),University of Massachusetts Global,Ellen Belluomini,conditional,0.6568872928619385,0.16847226,0.6568873,0.17464045,19
"If the training data used to build the AI model is incomplete, biased, or not representative of the student population, the model may not be able to accurately predict the answers needed for the assignment.",Social Work,Social Work (Masters level),University of Massachusetts Global,Ellen Belluomini,conditional,0.6736779808998108,0.17424658,0.673678,0.15207545,35
"9. Limited context awareness: AI models may lack the ability to understand the full context of a student's learning environment and personal circumstances, leading to inaccurate recommendations or assessments.",Social Work,Social Work (Masters level),University of Massachusetts Global,Ellen Belluomini,conditional,0.686202883720398,0.16068235,0.6862029,0.15311474,29
"Without a deep understanding of an assignment’s background, preferences, and challenges, AI models may not be able to provide relevant and support.",Social Work,Social Work (Masters level),University of Massachusetts Global,Ellen Belluomini,conditional,0.45329293608665466,0.14216684,0.45329294,0.40454024,22
"Be cautious in using AI for research assistance, as all existing AI apps ‘hallucinate’ and supply false information; don’t rely on AI for accurate information, but always fact-check.",Both first-year seminars and sociology courses,Sociology,Lasell University,Betsy Leondar-Wright,conditional,0.8350491523742676,0.13098164,0.83504915,0.033969183,28
Some student work may be submitted to AI or plagiarism detection tools in order to ensure that student work product is human created.,Introduction to Sociology,Sociology,Columbus State Community College,Mary Reiter,conditional,0.5139917731285095,0.44330767,0.5139918,0.04270052,23
"Please note: the AI search results that now pop up at the top of the screen in any Google search does not count as using AI for the purposes of this policy if you are googling something for clarification/research purposes, but you should consult the original source to assess its validity.",Sociology (multiple courses),Sociology,UC Santa Cruz,Megan McNamara,conditional,0.6761809587478638,0.2464719,0.67618096,0.07734717,51
"Contributions from anyone or anything else- including AI sources, must be properly quoted and cited every time they are used.",Theatre courses,Theatre,Small liberal arts college,Shared by Harmania on Reddit,conditional,0.7084895968437195,0.22394526,0.7084896,0.067565165,20
AI should be a tool and not your own submission.,AP Literature and Composition,Writing,Berthoud High School,Jo Ruddy,conditional,0.35946816205978394,0.3182551,0.35946816,0.32227674,10
"Again, AI can be great for inspiration, especially when you’re stuck in an interpretation, but you must clearly demonstrate your own knowledge surrounding content in this course.",AP Literature and Composition,Writing,Berthoud High School,Jo Ruddy,conditional,0.8331555128097534,0.097888075,0.8331555,0.0689564,27
"Use of AI: Students may use AI to general base level ideas, clarify concepts, and conduct simple research, and students must properly cite their use of AI.",College English ,Writing,Bethune-Cookman University,Rondrea Danielle Mathis,conditional,0.6430469751358032,0.083203636,0.643047,0.27374944,27
"However, the use of AI must be done responsibly and ethically.","ENGL 102 Introduction to Academic Writing, ENGL 223 Introduction to Creative Writing ",Writing,University of Louisiana at Lafayette,Tanner Menard,conditional,0.6978591680526733,0.17912745,0.69785917,0.12301333,11
"AI can help you understand and work with these sources, but it should not replace them.","ENGL 102 Introduction to Academic Writing, ENGL 223 Introduction to Creative Writing ",Writing,University of Louisiana at Lafayette,Tanner Menard,conditional,0.8166435360908508,0.10166116,0.81664354,0.08169527,16
"Original Thought Requirement:
● While AI can assist you in forming paragraphs and questioning sources, the
majority of your paper’s insights and arguments should be your own.","ENGL 102 Introduction to Academic Writing, ENGL 223 Introduction to Creative Writing ",Writing,University of Louisiana at Lafayette,Tanner Menard,conditional,0.7654553651809692,0.15111053,0.76545537,0.08343409,27
"Using AI to help with phrasing or structure is acceptable, but the core ideas and arguments must be your original thoughts.","ENGL 102 Introduction to Academic Writing, ENGL 223 Introduction to Creative Writing ",Writing,University of Louisiana at Lafayette,Tanner Menard,conditional,0.8496392965316772,0.13245775,0.8496393,0.01790288,21
"All work submitted must be your own and properly cited, and AI should not be used to simply generate a paper for you.","ENGL 102 Introduction to Academic Writing, ENGL 223 Introduction to Creative Writing ",Writing,University of Louisiana at Lafayette,Tanner Menard,conditional,0.7743743062019348,0.20949486,0.7743743,0.016130768,23
"But be aware that it carries risks: models can “hallucinate” incorrect information; sources that are not cited can put you at risk of plagiarism; and groups that are not represented in that model’s training data will be excluded, which can bias your research.",ENGL 131 X4: Writing About Technology,Writing,University of Washington,Anonymous,conditional,0.705836296081543,0.2585361,0.7058363,0.03562763,43
"GenAI does not replace human experience and has some known issues:
GenAI has a tendency to “hallucinate,” making up information that is incomplete, incorrect, or nonexistent.","ENGL3362 ""Crafting Activism: Democracy, Composition, and DIY Rhetorics"" (upper division elective); First Year Writing Seminar (required first-year composition course)",Writing,Boston College,Noël Ingram,conditional,0.6028431057929993,0.3455196,0.6028431,0.05163725,26
Any use of AI tools must be acknowledged.,"English 101, English 105, English 205",Writing,San Diego Miramar College,Rodrigo Gomez,conditional,0.4025462865829468,0.30219507,0.4025463,0.29525867,8
"Fact check and critically evaluate all AI output before relying on it in any way, Beware that AI-output WILL include inaccurate information--that's simply how it works unless you’re doing closed prompting (making queries only about sources you provide in your prompt) and may  also generate text that is biased or inappropriate.",English 295 Workplace Writing,Writing,University of Tennessee- Knoxville,Laurie Knox,conditional,0.5489760637283325,0.42020914,0.54897606,0.030814828,51
Submissions where AI use is fully and honestly disclosed will be graded on their own merits in meeting the requirements of the assignment.,English Composition (1101 and 1102),Writing,Georgia Gwinnett College,David Weiss,conditional,0.7228638529777527,0.22273123,0.72286385,0.054404926,23
"Academic Integrity
The AI policy for this class is based on a high degree of trust – both my trust that you are fully disclosing your use of AI, and your trust that I will allow you to demonstrate that your use was fully disclosed.",English Composition (1101 and 1102),Writing,Georgia Gwinnett College,David Weiss,conditional,0.47025763988494873,0.29966736,0.47025764,0.230075,45
"Use of AI Detectors
While I do not rely entirely on AI detectors to accurately identify AI use, I may use some (for instance, Turnitin and GPTZero) to flag sections of submitted work that do not come across as reflecting a student’s individual voice.",English Composition (1101 and 1102),Writing,Georgia Gwinnett College,David Weiss,conditional,0.5695385336875916,0.38636726,0.56953853,0.044094138,44
"I do believe, however, that AI should be used appropriately, and that you should describe how you used it.",English Composition (1101 and 1102),Writing,Georgia Gwinnett College,David Weiss,conditional,0.5910661816596985,0.25302136,0.5910662,0.15591246,19
You should check with your professor before using AI in his or her class.,English Composition (1101 and 1102),Writing,Georgia Gwinnett College,David Weiss,conditional,0.4444558024406433,0.28069308,0.4444558,0.27485108,14
"If, at any time, it is suspected that you have utilized AI beyond the above allowances, your professor may ask to view your documents’ version histories to determine if you have produced your own work, rather than copying and pasting from an AI program or another source.","English writing and literature courses, Rhetoric and Professional Writing courses",Writing,"Delta College, Saginaw Valley State University",Taylor Mata,conditional,0.7204778790473938,0.2227585,0.7204779,0.056763656,47
"Having said all these disclaimers, the use of foundational models is encouraged, as it may make it possible for you to submit assignments with higher readability and quality.",ENGLWRIT 112,Writing,University of Massachusetts Amherst,Sai Gattupalli,conditional,0.3650387227535248,0.28812128,0.36503872,0.34684002,28
"Students are responsible for the content of their written assignments even if it was written by AI—that means that all information must be accurate, logical, and appropriately detailed.",Integrated Reading & Writing,Writing,University of Texas at El Paso,Emily Durham,conditional,0.7562624216079712,0.18395835,0.7562624,0.059779197,28
"Limited Use of AI for Feedback
Students are permitted to use gen-AI tools in three specific ways:
*To generate non-prescriptive, non-directive feedback on their work—like what one might get from a friend or study partner.",International Writing Workshop,Writing,New York University,Alexander Landfair,conditional,0.7179782390594482,0.21514711,0.71797824,0.06687463,35
"Avoid Using AI as Search Engines
Students are cautioned against using generative AI tools as search engines, and should remember that these tools are fallible and lack transparency, meaning they frequently provide false information and are incapable of citing their sources.",International Writing Workshop,Writing,New York University,Alexander Landfair,conditional,0.6596195697784424,0.2873469,0.65961957,0.05303347,41
"Responsibility for Content
Students who use generative AI tools to search for information will be expected to find independent verification of facts from authoritative and non-anonymous sources.",International Writing Workshop,Writing,New York University,Alexander Landfair,conditional,0.8530027270317078,0.06346191,0.8530027,0.08353535,27
AI is not always the right or best choice for a given writing activity.,Introduction to Professional Writing,Writing,University of North Carolina Wilmington,Lance Cummings,conditional,0.42805978655815125,0.20913455,0.4280598,0.36280566,14
"While experimenting freely, keep these points in mind:

‣ AI can demonstrate biases and inaccuracies at times.",Introduction to Professional Writing,Writing,University of North Carolina Wilmington,Lance Cummings,conditional,0.626101016998291,0.24219692,0.626101,0.13170202,17
"AI content may initially seem impressive, but usually is not as good as you think it is.",Introduction to Professional Writing,Writing,University of North Carolina Wilmington,Lance Cummings,conditional,0.5098680853843689,0.112290405,0.5098681,0.37784147,17
"2)A.I. tools may be used only for assistance with research, brainstorming, and proofreading.",Introduction to Screenwriting,Writing,Universidad de Navarra,Pablo Castrillo,conditional,0.6432696580886841,0.29688442,0.64326966,0.059845954,13
"You can quote information and ideas, but you must give credit to the Large Language Model that is creating the output.",Rhetorical Theory and Criticism,Writing,George Mason University,Star Muir,conditional,0.7933427691459656,0.15306538,0.79334277,0.053591814,21
"Note that from a critical perspective and among available sources, ChatGPT and others don’t seem as credible in some ways as other evidence.",Rhetorical Theory and Criticism,Writing,George Mason University,Star Muir,conditional,0.5979725122451782,0.24559873,0.5979725,0.15642877,23
"2)	Researching and Brainstorming, including explorations of the critical vocabulary, types of arguments, and different methods of analysis, is acceptable but AI assistance must be credited or acknowledged in an endnote/footnote.",Rhetorical Theory and Criticism,Writing,George Mason University,Star Muir,conditional,0.833523690700531,0.1377547,0.8335237,0.028721677,31
"YOU ARE STILL RESPONSIBLE FOR THE TRUTH OF YOUR EVIDENCE, AND THAT ALL SOURCES OFFERED EXIST AND ARE NOT FABRICATED OR DISTORTED.

3)	Use of  AI to provide editorial comments on your writing drafts is acceptable",Rhetorical Theory and Criticism,Writing,George Mason University,Star Muir,conditional,0.48210322856903076,0.47591427,0.48210323,0.04198249,36
"5)	ChatGPT and other AI Assistants can be used as learning tools, but know that these artificial assistants have significant limitations, including: 1)",Rhetorical Theory and Criticism,Writing,George Mason University,Star Muir,conditional,0.5794379115104675,0.32270604,0.5794379,0.09785613,23
"In other words, it will be essential that anything you input, generate, and use from GAI be vetted.",UN 1015: Composition,Writing,Michigan Technological University    ,Holly Hassel,conditional,0.404216468334198,0.33909965,0.40421647,0.2566839,18
"Again, you will need to be specific—I am looking for higher level analysis of your creative process, not a list of sentences and ideas that ChatGPT generated for you.",Writing Seminar,Writing,SUNY Geneseo,George Goga,conditional,0.4572966694831848,0.42629483,0.45729667,0.11640853,29
"•        You must clearly acknowledge or attribute the source, whether that means just citing what came from the AI program or referring to outside sources.",College Composition I with Developmental Support,Writing,Northern Virginia Community College,Ray Orkwis,conditional,0.7034672498703003,0.2236936,0.70346725,0.07283917,25
•        Do not trust something AI has generated without carefully reading and analyzing it.,College Composition I with Developmental Support,Writing,Northern Virginia Community College,Ray Orkwis,conditional,0.601511538028717,0.3126375,0.60151154,0.08585096,14
"Collaborating with an AI writing assistant can include brainstorming, outlining, and drafting, so long as there is substantial writing, research, and composing by the student which is not generated solely by the AI.",College Composition I with Developmental Support,Writing,Northern Virginia Community College,Ray Orkwis,conditional,0.6610651612281799,0.13975418,0.66106516,0.19918068,33
"'AI-generated writing' means there has been little or no involvement from the student as an author, with the majority of the writing being generated by an AI.",College Composition I with Developmental Support,Writing,Northern Virginia Community College,Ray Orkwis,conditional,0.5866493582725525,0.37535042,0.58664936,0.038000222,27
You may consult MLA or APA guidelines for citing generative AI tools.,College Composition I with Developmental Support,Writing,Northern Virginia Community College,Ray Orkwis,conditional,0.5070006251335144,0.2962886,0.5070006,0.19671074,12
"All work, including that involving the use of AI tools, must adhere to the college's academic integrity policies.",ENGL-C1000 Academic Reading and Writing,Writing,Riverside City College,larry burns,conditional,0.5316451191902161,0.4177445,0.5316451,0.050610356,18
Proper citation and attribution are required for any AI-generated content used in your work.,ENGL-C1000 Academic Reading and Writing,Writing,Riverside City College,larry burns,conditional,0.7232360243797302,0.21809542,0.723236,0.05866855,14
Avoiding Plagiarism: Any content generated or significantly altered by AI must be properly attributed.,Writing Center Principles,Writing Center,Harvard Graduate School of Education,Katherine Morelli,conditional,0.5163889527320862,0.45125204,0.51638895,0.03235899,14
"Cite AI tools appropriately when they are used to paraphrase, summarize, or generate text to avoid plagiarism.",Writing Center Principles,Writing Center,Harvard Graduate School of Education,Katherine Morelli,conditional,0.596513032913208,0.3728568,0.59651303,0.030630162,17
Ensure that AI-generated content aligns with your academic objectives and meets the quality standards expected in graduate-level work.,Writing Center Principles,Writing Center,Harvard Graduate School of Education,Katherine Morelli,conditional,0.4656853973865509,0.28994074,0.4656854,0.24437387,18
Faculty reserve the right to use Artificial Intelligence (AI) detection software to find instances of AI-generated writing in student submissions.,"ENGL 1301, 1302, 2322, 2323, 2328","Writing, Literature",Northeast Lakeview College,Angela Brazeal Hager,conditional,0.4377236068248749,0.35146534,0.4377236,0.21081108,20
